                    :-) GROMACS - gmx mdrun, 2026.0-dev (-:

Copyright 1991-2026 The GROMACS Authors.
GROMACS is free software; you can redistribute it and/or modify it
under the terms of the GNU Lesser General Public License
as published by the Free Software Foundation; either version 2.1
of the License, or (at your option) any later version.

                         Current GROMACS contributors:
       Mark Abraham           Andrey Alekseenko           Vladimir Basov      
      Cathrine Bergh            Eliane Briand               Ania Brown        
      Mahesh Doijade            Giacomo Fiorin          Stefan Fleischmann    
      Sergey Gorelov         Gilles Gouaillardet            Alan Gray         
     M. Eric Irrgang         Farzaneh Jalalypour            Joe Jordan        
     Carsten Kutzner           Justin A. Lemkul          Magnus Lundborg      
       Pascal Merz              Vedran Miletic            Dmitry Morozov      
       Julien Nabet              Szilard Pall        Andrea Pasquadibisceglie 
    Michele Pellegrino          Hubert Santuz             Roland Schulz       
     Tatiana Shugaeva          Alexey Shvetsov            Philip Turner       
     Alessandra Villa      Sebastian Wingbermuehle  

                         Previous GROMACS contributors:
        Emile Apol             Rossen Apostolov           James Barnett       
        Paul Bauer          Herman J.C. Berendsen          Par Bjelkmar       
      Christian Blau          Viacheslav Bolnykh            Kevin Boyd        
    Aldert van Buuren          Carlo Camilloni           Rudi van Drunen      
      Anton Feenstra           Oliver Fleetwood            Vytas Gapsys       
       Gaurav Garg             Gerrit Groenhof            Bert de Groot       
      Anca Hamuraru           Vincent Hindriksen          Victor Holanda      
     Aleksei Iupinov          Christoph Junghans        Prashanth Kanduri     
   Dimitrios Karkoulis           Peter Kasson             Sebastian Kehl      
     Sebastian Keller             Jiri Kraus               Per Larsson        
      Viveca Lindahl            Erik Marklund           Pieter Meulenhoff     
      Teemu Murtola              Sander Pronk             Michael Shirts      
      Alfons Sijbers            Balint Soproni         David van der Spoel    
      Peter Tieleman            Carsten Uphoff             Jon Vincent        
     Teemu Virolainen         Christian Wennberg           Maarten Wolf       
      Artem Zhmurov       

                  Coordinated by the GROMACS project leaders:
                           Berk Hess and Erik Lindahl

GROMACS:      gmx mdrun, version 2026.0-dev
Executable:   /scratch/hcho96/Research/imd-v3/gromacs-imd-v3/bin/gmx
Data prefix:  /scratch/hcho96/Research/imd-v3/gromacs-imd-v3
Working dir:  /scratch/hcho96/Research/imdv3-performance/performance/1GPU-24Cores/imdv3/frequency-8/performance_fileio_3
Process ID:   77204
Command line:
  gmx mdrun -v -deffnm run2/run -ntmpi 1 -ntomp 24 -gpu_id 0

GROMACS version:     2026.0-dev
Precision:           mixed
Memory model:        64 bit
MPI library:         thread_mpi
OpenMP support:      enabled (GMX_OPENMP_MAX_THREADS = 128)
GPU support:         CUDA
NBNxM GPU setup:     super-cluster 2x2x2 / cluster 8
SIMD instructions:   AVX2_256
CPU FFT library:     fftw-3.3.10-sse2-avx-avx2-avx2_128
GPU FFT library:     cuFFT
Multi-GPU FFT:       none
RDTSCP usage:        enabled
TNG support:         enabled
Hwloc support:       disabled
Tracing support:     disabled
C compiler:          /packages/apps/spack/21/opt/spack/linux-rocky8-zen3/gcc-12.1.0/gcc-13.2.0-3axqolu2r5t7p3j5yphhzjfku4rbga2y/bin/gcc GNU 13.2.0
C compiler flags:    -Wno-array-bounds -fexcess-precision=fast -funroll-all-loops -mavx2 -mfma -Wall -Wno-unused -Wunused-value -Wunused-parameter -Wextra -Wno-sign-compare -Wpointer-arith -Wpedantic -Wundef -Werror=stringop-truncation -Wno-missing-field-initializers -O3 -DNDEBUG
C++ compiler:        /packages/apps/spack/21/opt/spack/linux-rocky8-zen3/gcc-12.1.0/gcc-13.2.0-3axqolu2r5t7p3j5yphhzjfku4rbga2y/bin/g++ GNU 13.2.0
C++ compiler flags:  -Wno-array-bounds -fexcess-precision=fast -funroll-all-loops -mavx2 -mfma -Wall -Wextra -Wpointer-arith -Wmissing-declarations -Wpedantic -Wundef -Wstringop-truncation -Wno-missing-field-initializers -Wno-cast-function-type-strict SHELL:-fopenmp -O3 -DNDEBUG
BLAS library:        External - detected on the system
LAPACK library:      Internal
CUDA compiler:       /packages/apps/spack/21/opt/spack/linux-rocky8-zen3/gcc-12.1.0/cuda-12.6.1-cf4xlcbcfpwchqwo5bktxyhjagryzcx6/bin/nvcc nvcc: NVIDIA (R) Cuda compiler driver;Copyright (c) 2005-2024 NVIDIA Corporation;Built on Wed_Aug_14_10:10:22_PDT_2024;Cuda compilation tools, release 12.6, V12.6.68;Build cuda_12.6.r12.6/compiler.34714021_0
CUDA compiler flags: -O3 -DNDEBUG
CUDA driver:         12.70
CUDA runtime:        12.60


Running on 1 node with total 48 cores, 48 processing units, 4 compatible GPUs
Hardware detected on host sg003:
  CPU info:
    Vendor: AMD
    Brand:  AMD EPYC 7413 24-Core Processor                
    Family: 25   Model: 1   Stepping: 1
    Features: aes amd apic avx avx2 clfsh cmov cx8 cx16 f16c fma htt lahf misalignsse mmx msr nonstop_tsc pcid pclmuldq pdpe1gb popcnt pse rdrnd rdtscp sha sse2 sse3 sse4a sse4.1 sse4.2 ssse3 x2apic
  Hardware topology: Basic
    Packages, cores, and logical processors:
    [indices refer to OS logical processors]
      Package  0: [   0] [   1] [   2] [   3] [   4] [   5] [   6] [   7] [   8] [   9] [  10] [  11] [  12] [  13] [  14] [  15] [  16] [  17] [  18] [  19] [  20] [  21] [  22] [  23]
      Package  1: [  24] [  25] [  26] [  27] [  28] [  29] [  30] [  31] [  32] [  33] [  34] [  35] [  36] [  37] [  38] [  39] [  40] [  41] [  42] [  43] [  44] [  45] [  46] [  47]
    CPU limit set by OS: -1   Recommended max number of threads: 48
  GPU info:
    Number of GPUs detected: 4
    #0: NVIDIA NVIDIA A100-SXM4-80GB, compute cap.: 8.0, ECC: yes, stat: compatible
    #1: NVIDIA NVIDIA A100-SXM4-80GB, compute cap.: 8.0, ECC: yes, stat: compatible
    #2: NVIDIA NVIDIA A100-SXM4-80GB, compute cap.: 8.0, ECC: yes, stat: compatible
    #3: NVIDIA NVIDIA A100-SXM4-80GB, compute cap.: 8.0, ECC: yes, stat: compatible


++++ PLEASE READ AND CITE THE FOLLOWING REFERENCE ++++
M. J. Abraham, T. Murtola, R. Schulz, S. Páll, J. C. Smith, B. Hess, E.
Lindahl
GROMACS: High performance molecular simulations through multi-level
parallelism from laptops to supercomputers
SoftwareX (2015)
DOI: 10.1016/j.softx.2015.06.001
-------- -------- --- Thank You --- -------- --------


++++ PLEASE READ AND CITE THE FOLLOWING REFERENCE ++++
S. Páll, M. J. Abraham, C. Kutzner, B. Hess, E. Lindahl
Tackling Exascale Software Challenges in Molecular Dynamics Simulations with
GROMACS
In S. Markidis & E. Laure (Eds.), Solving Software Challenges for Exascale (2015)
DOI: 10.1007/978-3-319-15976-8_1
-------- -------- --- Thank You --- -------- --------


++++ PLEASE READ AND CITE THE FOLLOWING REFERENCE ++++
S. Pronk, S. Páll, R. Schulz, P. Larsson, P. Bjelkmar, R. Apostolov, M. R.
Shirts, J. C. Smith, P. M. Kasson, D. van der Spoel, B. Hess, E. Lindahl
GROMACS 4.5: a high-throughput and highly parallel open source molecular
simulation toolkit
Bioinformatics (2013)
DOI: 10.1093/bioinformatics/btt055
-------- -------- --- Thank You --- -------- --------


++++ PLEASE READ AND CITE THE FOLLOWING REFERENCE ++++
B. Hess, C. Kutzner, D. van der Spoel, E. Lindahl
GROMACS 4: Algorithms for highly efficient, load-balanced, and scalable
molecular simulation
J. Chem. Theory Comput. (2008)
DOI: 10.1021/ct700301q
-------- -------- --- Thank You --- -------- --------


++++ PLEASE READ AND CITE THE FOLLOWING REFERENCE ++++
D. van der Spoel, E. Lindahl, B. Hess, G. Groenhof, A. E. Mark, H. J. C.
Berendsen
GROMACS: Fast, Flexible and Free
J. Comp. Chem. (2005)
DOI: 10.1002/jcc.20291
-------- -------- --- Thank You --- -------- --------


++++ PLEASE READ AND CITE THE FOLLOWING REFERENCE ++++
E. Lindahl, B. Hess, D. van der Spoel
GROMACS 3.0: A package for molecular simulation and trajectory analysis
J. Mol. Mod. (2001)
DOI: 10.1007/s008940100045
-------- -------- --- Thank You --- -------- --------


++++ PLEASE READ AND CITE THE FOLLOWING REFERENCE ++++
H. J. C. Berendsen, D. van der Spoel and R. van Drunen
GROMACS: A message-passing parallel molecular dynamics implementation
Comp. Phys. Comm. (1995)
DOI: 10.1016/0010-4655(95)00042-E
-------- -------- --- Thank You --- -------- --------

Input Parameters:
   integrator                     = md
   tinit                          = 0
   dt                             = 0.002
   nsteps                         = 500000
   init-step                      = 0
   simulation-part                = 1
   mts                            = false
   mass-repartition-factor        = 1
   comm-mode                      = Linear
   nstcomm                        = 100
   bd-fric                        = 0
   ld-seed                        = -889223301
   emtol                          = 10
   emstep                         = 0.01
   niter                          = 20
   fcstep                         = 0
   nstcgsteep                     = 1000
   nbfgscorr                      = 10
   rtpi                           = 0.05
   nstxout                        = 8
   nstvout                        = 8
   nstfout                        = 8
   nstlog                         = 1000
   nstcalcenergy                  = 0
   nstenergy                      = 0
   nstxout-compressed             = 0
   compressed-x-precision         = 1000
   cutoff-scheme                  = Verlet
   nstlist                        = 20
   pbc                            = xyz
   periodic-molecules             = false
   verlet-buffer-tolerance        = 0.005
   verlet-buffer-pressure-tolerance = 0.5
   rlist                          = 1.221
   coulombtype                    = PME
   coulomb-modifier               = Potential-shift
   rcoulomb-switch                = 0
   rcoulomb                       = 1.2
   epsilon-r                      = 1
   epsilon-rf                     = inf
   vdw-type                       = Cut-off
   vdw-modifier                   = Force-switch
   rvdw-switch                    = 1
   rvdw                           = 1.2
   DispCorr                       = No
   table-extension                = 1
   fourierspacing                 = 0.12
   fourier-nx                     = 60
   fourier-ny                     = 60
   fourier-nz                     = 60
   pme-order                      = 4
   ewald-rtol                     = 1e-05
   ewald-rtol-lj                  = 0.001
   lj-pme-comb-rule               = Geometric
   ewald-geometry                 = 3d
   epsilon-surface                = 0
   ensemble-temperature-setting   = constant
   ensemble-temperature           = 303.15
   tcoupl                         = V-rescale
   nsttcouple                     = 100
   nh-chain-length                = 0
   print-nose-hoover-chain-variables = false
   pcoupl                         = C-rescale
   pcoupltype                     = Isotropic
   nstpcouple                     = 100
   tau-p                          = 5
   compressibility (3x3):
      compressibility[    0]={ 4.50000e-05,  0.00000e+00,  0.00000e+00}
      compressibility[    1]={ 0.00000e+00,  4.50000e-05,  0.00000e+00}
      compressibility[    2]={ 0.00000e+00,  0.00000e+00,  4.50000e-05}
   ref-p (3x3):
      ref-p[    0]={ 1.00000e+00,  0.00000e+00,  0.00000e+00}
      ref-p[    1]={ 0.00000e+00,  1.00000e+00,  0.00000e+00}
      ref-p[    2]={ 0.00000e+00,  0.00000e+00,  1.00000e+00}
   refcoord-scaling               = No
   posres-com: not available
   posres-comB: not available
   QMMM                           = false
qm-opts:
   ngQM                           = 0
   constraint-algorithm           = Lincs
   continuation                   = true
   Shake-SOR                      = false
   shake-tol                      = 0.0001
   lincs-order                    = 4
   lincs-iter                     = 1
   lincs-warnangle                = 30
   nwall                          = 0
   wall-type                      = 9-3
   wall-r-linpot                  = -1
   wall-atomtype[0]               = -1
   wall-atomtype[1]               = -1
   wall-density[0]                = 0
   wall-density[1]                = 0
   wall-ewald-zfac                = 3
   pull                           = false
   awh                            = false
   rotation                       = false
   interactiveMD                  = false
   disre                          = No
   disre-weighting                = Conservative
   disre-mixed                    = false
   dr-fc                          = 1000
   dr-tau                         = 0
   nstdisreout                    = 100
   orire-fc                       = 0
   orire-tau                      = 0
   nstorireout                    = 100
   free-energy                    = no
   cos-acceleration               = 0
   deform (3x3):
      deform[    0]={ 0.00000e+00,  0.00000e+00,  0.00000e+00}
      deform[    1]={ 0.00000e+00,  0.00000e+00,  0.00000e+00}
      deform[    2]={ 0.00000e+00,  0.00000e+00,  0.00000e+00}
   simulated-tempering            = false
   swapcoords                     = no
   userint1                       = 0
   userint2                       = 0
   userint3                       = 0
   userint4                       = 0
   userreal1                      = 0
   userreal2                      = 0
   userreal3                      = 0
   userreal4                      = 0
   applied-forces:
     electric-field:
       x:
         E0                       = 0
         omega                    = 0
         t0                       = 0
         sigma                    = 0
       y:
         E0                       = 0
         omega                    = 0
         t0                       = 0
         sigma                    = 0
       z:
         E0                       = 0
         omega                    = 0
         t0                       = 0
         sigma                    = 0
     density-guided-simulation:
       active                     = false
       group                      = protein
       similarity-measure         = inner-product
       atom-spreading-weight      = unity
       force-constant             = 1e+09
       gaussian-transform-spreading-width = 0.2
       gaussian-transform-spreading-range-in-multiples-of-width = 4
       reference-density-filename = reference.mrc
       nst                        = 1
       normalize-densities        = true
       adaptive-force-scaling     = false
       adaptive-force-scaling-time-constant = 4
       shift-vector               = 
       transformation-matrix      = 
     qmmm-cp2k:
       active                     = false
       qmgroup                    = System
       qmmethod                   = PBE
       qmfilenames                = 
       qmcharge                   = 0
       qmmultiplicity             = 1
     colvars:
       active                     = false
       configfile                 = 
       seed                       = -1
     nnpot:
       active                     = false
       modelfile                  = model.pt
       provides_forces            = false
       input_group                = System
       model_input1               = 
       model_input2               = 
       model_input3               = 
       model_input4               = 
grpopts:
   nrdf:        4918       56985
   ref-t:      303.15      303.15
   tau-t:           1           1
annealing:          No          No
annealing-npoints:           0           0
   acc:	           0           0           0
   nfreeze:           N           N           N
   energygrp-flags[  0]: 0

Changing nstlist from 20 to 100, rlist from 1.221 to 1.349

When checking whether update groups are usable:
  Domain decomposition is not active, so there is no need for update groups

Local state does not use filler particles

1 GPU selected for this run.
Mapping of GPU IDs to the 2 GPU tasks in the 1 rank on this node:
  PP:0,PME:0
PP tasks will do (non-perturbed) short-ranged interactions on the GPU
PP task will update and constrain coordinates on the GPU
PME tasks will do all aspects on the GPU
Using 1 MPI thread
Using 24 OpenMP threads 

System total charge: 0.000
Will do PME sum in reciprocal space for electrostatic interactions.

++++ PLEASE READ AND CITE THE FOLLOWING REFERENCE ++++
U. Essmann, L. Perera, M. L. Berkowitz, T. Darden, H. Lee, L. G. Pedersen 
A smooth particle mesh Ewald method
J. Chem. Phys. (1995)
DOI: 10.1063/1.470117
-------- -------- --- Thank You --- -------- --------

Using a Gaussian width (1/beta) of 0.384195 nm for Ewald
Potential shift: LJ r^-12: -2.648e-01 r^-6: -5.349e-01, Ewald -8.333e-06
Initialized non-bonded Coulomb Ewald tables, spacing: 1.02e-03 size: 1176

Generated table with 1174 data points for 1-4 COUL.
Tabscale = 500 points/nm
Generated table with 1174 data points for 1-4 LJ6.
Tabscale = 500 points/nm
Generated table with 1174 data points for 1-4 LJ12.
Tabscale = 500 points/nm


Using GPU 8x4 nonbonded short-range kernels

NBNxM GPU setup: super-cluster 2x2x2 / cluster 8, with split GPU pairlist

Using a dual 8x8 pair-list setup updated with dynamic, rolling pruning:
  outer list: updated every 100 steps, buffer 0.149 nm, rlist 1.349 nm
  inner list: updated every  12 steps, buffer 0.003 nm, rlist 1.203 nm
At tolerance 0.005 kJ/mol/ps per atom, equivalent classical 1x1 list would be:
  outer list: updated every 100 steps, buffer 0.294 nm, rlist 1.494 nm
  inner list: updated every  12 steps, buffer 0.052 nm, rlist 1.252 nm

The average pressure is off by at most 0.25 bar due to missing LJ interactions

NOTE: The number of threads is not equal to the number of (logical) cpus
      and the -pin option is set to auto: will not pin threads to cpus.
      This can lead to significant performance degradation.
      Consider using -pin on (and -pinoffset in case you run multiple jobs).

Initializing LINear Constraint Solver

++++ PLEASE READ AND CITE THE FOLLOWING REFERENCE ++++
B. Hess, H. Bekker, H. J. C. Berendsen, J. G. E. M. Fraaije
LINCS: A Linear Constraint Solver for molecular simulations
J. Comp. Chem. (1997)
DOI: 10.1002/(sici)1096-987x(199709)18:12<1463::aid-jcc4>3.0.co;2-h
-------- -------- --- Thank You --- -------- --------

The number of constraints is 959

++++ PLEASE READ AND CITE THE FOLLOWING REFERENCE ++++
S. Miyamoto, P. A. Kollman
SETTLE: An Analytical Version of the SHAKE and RATTLE Algorithms for Rigid
Water Models
J. Comp. Chem. (1992)
DOI: 10.1002/jcc.540130805
-------- -------- --- Thank You --- -------- --------


++++ PLEASE READ AND CITE THE FOLLOWING REFERENCE ++++
G. Bussi, D. Donadio, M. Parrinello
Canonical sampling through velocity rescaling
J. Chem. Phys. (2007)
DOI: 10.1063/1.2408420
-------- -------- --- Thank You --- -------- --------


++++ PLEASE READ AND CITE THE FOLLOWING REFERENCE ++++
M. Bernetti, G. Bussi
Pressure control using stochastic cell rescaling
J. Chem. Phys. (2020)
DOI: 10.1063/5.0020514
-------- -------- --- Thank You --- -------- --------

There are: 30423 Atoms

Updating coordinates and applying constraints on the GPU.
Center of mass motion removal mode is Linear
We have the following groups for center of mass motion removal:
  0:  SOLU
  1:  SOLV

Started mdrun on rank 0 Tue Jul 15 18:57:52 2025

           Step           Time
              0        0.00000

   Energies (kJ/mol)
           Bond            U-B    Proper Dih.  Improper Dih.      CMAP Dih.
    1.77931e+03    4.53709e+03    5.12016e+03    2.81340e+02   -4.60186e+02
          LJ-14     Coulomb-14        LJ (SR)   Coulomb (SR)   Coul. recip.
    1.53684e+03    1.31976e+04    3.68008e+04   -4.82971e+05    1.60254e+03
      Potential    Kinetic En.   Total Energy  Conserved En.    Temperature
   -4.18575e+05    7.89017e+04   -3.39673e+05   -3.39500e+05    3.06599e+02
 Pressure (bar)   Constr. rmsd
   -1.04578e+03    0.00000e+00

           Step           Time
           1000        2.00000

   Energies (kJ/mol)
           Bond            U-B    Proper Dih.  Improper Dih.      CMAP Dih.
    1.77237e+03    4.39900e+03    5.14678e+03    2.79401e+02   -4.66183e+02
          LJ-14     Coulomb-14        LJ (SR)   Coulomb (SR)   Coul. recip.
    1.56810e+03    1.32591e+04    3.78323e+04   -4.84968e+05    1.57663e+03
      Potential    Kinetic En.   Total Energy  Conserved En.    Temperature
   -4.19600e+05    7.78592e+04   -3.41741e+05   -3.38730e+05    3.02548e+02
 Pressure (bar)   Constr. rmsd
   -1.01811e+03    0.00000e+00

           Step           Time
           2000        4.00000

   Energies (kJ/mol)
           Bond            U-B    Proper Dih.  Improper Dih.      CMAP Dih.
    1.82206e+03    4.35278e+03    5.19625e+03    2.51998e+02   -4.44633e+02
          LJ-14     Coulomb-14        LJ (SR)   Coulomb (SR)   Coul. recip.
    1.53324e+03    1.32703e+04    3.74108e+04   -4.85185e+05    1.61598e+03
      Potential    Kinetic En.   Total Energy  Conserved En.    Temperature
   -4.20176e+05    7.83796e+04   -3.41796e+05   -3.37625e+05    3.04570e+02
 Pressure (bar)   Constr. rmsd
   -8.15191e+02    0.00000e+00

           Step           Time
           3000        6.00000

   Energies (kJ/mol)
           Bond            U-B    Proper Dih.  Improper Dih.      CMAP Dih.
    1.75072e+03    4.55714e+03    5.15586e+03    3.27047e+02   -4.59761e+02
          LJ-14     Coulomb-14        LJ (SR)   Coulomb (SR)   Coul. recip.
    1.52056e+03    1.32550e+04    3.82036e+04   -4.86819e+05    1.54550e+03
      Potential    Kinetic En.   Total Energy  Conserved En.    Temperature
   -4.20963e+05    7.84824e+04   -3.42481e+05   -3.37019e+05    3.04970e+02
 Pressure (bar)   Constr. rmsd
   -7.04737e+02    0.00000e+00

step 3600: timed with pme grid 60 60 60, coulomb cutoff 1.200: 284.5 M-cycles
step 3800: timed with pme grid 52 52 52, coulomb cutoff 1.327: 373.1 M-cycles
step 4000: timed with pme grid 56 56 56, coulomb cutoff 1.232: 287.6 M-cycles
           Step           Time
           4000        8.00000

   Energies (kJ/mol)
           Bond            U-B    Proper Dih.  Improper Dih.      CMAP Dih.
    1.71034e+03    4.73493e+03    5.14046e+03    3.10381e+02   -4.59053e+02
          LJ-14     Coulomb-14        LJ (SR)   Coulomb (SR)   Coul. recip.
    1.44672e+03    1.31764e+04    3.84746e+04   -4.88146e+05    1.54863e+03
      Potential    Kinetic En.   Total Energy  Conserved En.    Temperature
   -4.22063e+05    7.84418e+04   -3.43621e+05   -3.36443e+05    3.04812e+02
 Pressure (bar)   Constr. rmsd
   -4.47748e+02    0.00000e+00

step 4200: timed with pme grid 60 60 60, coulomb cutoff 1.200: 277.9 M-cycles
step 4400: timed with pme grid 56 56 56, coulomb cutoff 1.232: 284.0 M-cycles
step 4600: timed with pme grid 60 60 60, coulomb cutoff 1.200: 278.8 M-cycles
              optimal pme grid 60 60 60, coulomb cutoff 1.200
           Step           Time
           5000       10.00000

   Energies (kJ/mol)
           Bond            U-B    Proper Dih.  Improper Dih.      CMAP Dih.
    1.74140e+03    4.60302e+03    5.09032e+03    3.21775e+02   -4.10908e+02
          LJ-14     Coulomb-14        LJ (SR)   Coulomb (SR)   Coul. recip.
    1.48472e+03    1.31380e+04    3.91175e+04   -4.89743e+05    1.53533e+03
      Potential    Kinetic En.   Total Energy  Conserved En.    Temperature
   -4.23122e+05    7.87537e+04   -3.44368e+05   -3.36118e+05    3.06024e+02
 Pressure (bar)   Constr. rmsd
   -1.68581e+02    0.00000e+00

           Step           Time
           6000       12.00000

   Energies (kJ/mol)
           Bond            U-B    Proper Dih.  Improper Dih.      CMAP Dih.
    1.84687e+03    4.79019e+03    5.17519e+03    3.30137e+02   -4.76372e+02
          LJ-14     Coulomb-14        LJ (SR)   Coulomb (SR)   Coul. recip.
    1.40509e+03    1.32486e+04    3.88163e+04   -4.90881e+05    1.51355e+03
      Potential    Kinetic En.   Total Energy  Conserved En.    Temperature
   -4.24232e+05    7.84698e+04   -3.45762e+05   -3.35779e+05    3.04921e+02
 Pressure (bar)   Constr. rmsd
   -3.65754e+02    0.00000e+00

           Step           Time
           7000       14.00000

   Energies (kJ/mol)
           Bond            U-B    Proper Dih.  Improper Dih.      CMAP Dih.
    1.77845e+03    4.62991e+03    5.16801e+03    3.58593e+02   -4.08942e+02
          LJ-14     Coulomb-14        LJ (SR)   Coulomb (SR)   Coul. recip.
    1.45485e+03    1.31477e+04    3.87343e+04   -4.90563e+05    1.56455e+03
      Potential    Kinetic En.   Total Energy  Conserved En.    Temperature
   -4.24135e+05    7.91934e+04   -3.44942e+05   -3.35555e+05    3.07732e+02
 Pressure (bar)   Constr. rmsd
   -1.89450e+02    0.00000e+00

           Step           Time
           8000       16.00000

   Energies (kJ/mol)
           Bond            U-B    Proper Dih.  Improper Dih.      CMAP Dih.
    1.79997e+03    4.48318e+03    5.12783e+03    2.76579e+02   -4.07150e+02
          LJ-14     Coulomb-14        LJ (SR)   Coulomb (SR)   Coul. recip.
    1.45359e+03    1.33766e+04    3.87834e+04   -4.91049e+05    1.49701e+03
      Potential    Kinetic En.   Total Energy  Conserved En.    Temperature
   -4.24658e+05    7.79400e+04   -3.46718e+05   -3.35525e+05    3.02862e+02
 Pressure (bar)   Constr. rmsd
   -3.54836e+02    0.00000e+00

           Step           Time
           9000       18.00000

   Energies (kJ/mol)
           Bond            U-B    Proper Dih.  Improper Dih.      CMAP Dih.
    1.71308e+03    4.63575e+03    5.08890e+03    2.75662e+02   -4.04833e+02
          LJ-14     Coulomb-14        LJ (SR)   Coulomb (SR)   Coul. recip.
    1.52185e+03    1.34082e+04    3.92991e+04   -4.92195e+05    1.55046e+03
      Potential    Kinetic En.   Total Energy  Conserved En.    Temperature
   -4.25106e+05    7.84401e+04   -3.46666e+05   -3.35308e+05    3.04805e+02
 Pressure (bar)   Constr. rmsd
    1.34211e+02    0.00000e+00

           Step           Time
          10000       20.00000

   Energies (kJ/mol)
           Bond            U-B    Proper Dih.  Improper Dih.      CMAP Dih.
    1.76376e+03    4.55185e+03    5.09061e+03    2.82533e+02   -4.23407e+02
          LJ-14     Coulomb-14        LJ (SR)   Coulomb (SR)   Coul. recip.
    1.47911e+03    1.33107e+04    3.89665e+04   -4.92018e+05    1.55290e+03
      Potential    Kinetic En.   Total Energy  Conserved En.    Temperature
   -4.25444e+05    7.75569e+04   -3.47887e+05   -3.35196e+05    3.01373e+02
 Pressure (bar)   Constr. rmsd
   -1.17136e+02    0.00000e+00

           Step           Time
          11000       22.00000

   Energies (kJ/mol)
           Bond            U-B    Proper Dih.  Improper Dih.      CMAP Dih.
    1.76929e+03    4.53069e+03    5.17905e+03    2.66147e+02   -4.23337e+02
          LJ-14     Coulomb-14        LJ (SR)   Coulomb (SR)   Coul. recip.
    1.53436e+03    1.35394e+04    3.88448e+04   -4.92922e+05    1.50510e+03
      Potential    Kinetic En.   Total Energy  Conserved En.    Temperature
   -4.26177e+05    7.80736e+04   -3.48103e+05   -3.35336e+05    3.03381e+02
 Pressure (bar)   Constr. rmsd
   -3.12596e+02    0.00000e+00

           Step           Time
          12000       24.00000

   Energies (kJ/mol)
           Bond            U-B    Proper Dih.  Improper Dih.      CMAP Dih.
    1.69388e+03    4.61630e+03    5.10603e+03    3.06001e+02   -4.35992e+02
          LJ-14     Coulomb-14        LJ (SR)   Coulomb (SR)   Coul. recip.
    1.48509e+03    1.33254e+04    3.90098e+04   -4.91953e+05    1.52561e+03
      Potential    Kinetic En.   Total Energy  Conserved En.    Temperature
   -4.25321e+05    7.76109e+04   -3.47710e+05   -3.35454e+05    3.01583e+02
 Pressure (bar)   Constr. rmsd
   -2.77828e+02    0.00000e+00

           Step           Time
          13000       26.00000

   Energies (kJ/mol)
           Bond            U-B    Proper Dih.  Improper Dih.      CMAP Dih.
    1.59610e+03    4.39743e+03    5.28123e+03    2.69919e+02   -4.12222e+02
          LJ-14     Coulomb-14        LJ (SR)   Coulomb (SR)   Coul. recip.
    1.55631e+03    1.34378e+04    3.90911e+04   -4.92037e+05    1.47353e+03
      Potential    Kinetic En.   Total Energy  Conserved En.    Temperature
   -4.25346e+05    7.84133e+04   -3.46933e+05   -3.35436e+05    3.04701e+02
 Pressure (bar)   Constr. rmsd
   -1.60126e+02    0.00000e+00

           Step           Time
          14000       28.00000

   Energies (kJ/mol)
           Bond            U-B    Proper Dih.  Improper Dih.      CMAP Dih.
    1.73990e+03    4.50476e+03    5.18371e+03    3.10684e+02   -3.97397e+02
          LJ-14     Coulomb-14        LJ (SR)   Coulomb (SR)   Coul. recip.
    1.51382e+03    1.34383e+04    3.91887e+04   -4.92860e+05    1.52734e+03
      Potential    Kinetic En.   Total Energy  Conserved En.    Temperature
   -4.25850e+05    7.84471e+04   -3.47403e+05   -3.35179e+05    3.04832e+02
 Pressure (bar)   Constr. rmsd
   -1.46323e+02    0.00000e+00

           Step           Time
          15000       30.00000

   Energies (kJ/mol)
           Bond            U-B    Proper Dih.  Improper Dih.      CMAP Dih.
    1.73280e+03    4.72684e+03    5.12597e+03    3.28958e+02   -4.37347e+02
          LJ-14     Coulomb-14        LJ (SR)   Coulomb (SR)   Coul. recip.
    1.51348e+03    1.31305e+04    4.04572e+04   -4.94262e+05    1.49666e+03
      Potential    Kinetic En.   Total Energy  Conserved En.    Temperature
   -4.26187e+05    7.81660e+04   -3.48021e+05   -3.35183e+05    3.03740e+02
 Pressure (bar)   Constr. rmsd
    2.02718e+02    0.00000e+00

           Step           Time
          16000       32.00000

   Energies (kJ/mol)
           Bond            U-B    Proper Dih.  Improper Dih.      CMAP Dih.
    1.69915e+03    4.70445e+03    5.13140e+03    2.93468e+02   -4.01927e+02
          LJ-14     Coulomb-14        LJ (SR)   Coulomb (SR)   Coul. recip.
    1.48508e+03    1.31391e+04    3.91128e+04   -4.92395e+05    1.50687e+03
      Potential    Kinetic En.   Total Energy  Conserved En.    Temperature
   -4.25725e+05    7.83515e+04   -3.47373e+05   -3.35236e+05    3.04461e+02
 Pressure (bar)   Constr. rmsd
   -9.53127e+01    0.00000e+00

           Step           Time
          17000       34.00000

   Energies (kJ/mol)
           Bond            U-B    Proper Dih.  Improper Dih.      CMAP Dih.
    1.83336e+03    4.67108e+03    5.09598e+03    3.10012e+02   -4.04694e+02
          LJ-14     Coulomb-14        LJ (SR)   Coulomb (SR)   Coul. recip.
    1.48037e+03    1.33266e+04    3.88915e+04   -4.92556e+05    1.49787e+03
      Potential    Kinetic En.   Total Energy  Conserved En.    Temperature
   -4.25854e+05    7.81559e+04   -3.47698e+05   -3.35132e+05    3.03701e+02
 Pressure (bar)   Constr. rmsd
   -1.44574e+02    0.00000e+00

           Step           Time
          18000       36.00000

   Energies (kJ/mol)
           Bond            U-B    Proper Dih.  Improper Dih.      CMAP Dih.
    1.69026e+03    4.67261e+03    5.06877e+03    3.32260e+02   -3.79426e+02
          LJ-14     Coulomb-14        LJ (SR)   Coulomb (SR)   Coul. recip.
    1.49138e+03    1.33120e+04    3.96920e+04   -4.93932e+05    1.49479e+03
      Potential    Kinetic En.   Total Energy  Conserved En.    Temperature
   -4.26557e+05    7.82714e+04   -3.48286e+05   -3.35150e+05    3.04150e+02
 Pressure (bar)   Constr. rmsd
    7.92159e+01    0.00000e+00

           Step           Time
          19000       38.00000

   Energies (kJ/mol)
           Bond            U-B    Proper Dih.  Improper Dih.      CMAP Dih.
    1.87992e+03    4.46563e+03    5.14416e+03    2.59283e+02   -3.83965e+02
          LJ-14     Coulomb-14        LJ (SR)   Coulomb (SR)   Coul. recip.
    1.49983e+03    1.32087e+04    4.01255e+04   -4.94022e+05    1.56268e+03
      Potential    Kinetic En.   Total Energy  Conserved En.    Temperature
   -4.26260e+05    7.87903e+04   -3.47470e+05   -3.35253e+05    3.06166e+02
 Pressure (bar)   Constr. rmsd
    1.42160e+02    0.00000e+00

           Step           Time
          20000       40.00000

   Energies (kJ/mol)
           Bond            U-B    Proper Dih.  Improper Dih.      CMAP Dih.
    1.70559e+03    4.52931e+03    5.16380e+03    2.65163e+02   -4.19809e+02
          LJ-14     Coulomb-14        LJ (SR)   Coulomb (SR)   Coul. recip.
    1.51828e+03    1.32425e+04    4.01225e+04   -4.94037e+05    1.45635e+03
      Potential    Kinetic En.   Total Energy  Conserved En.    Temperature
   -4.26453e+05    7.81855e+04   -3.48268e+05   -3.35267e+05    3.03816e+02
 Pressure (bar)   Constr. rmsd
    1.66476e+02    0.00000e+00

           Step           Time
          21000       42.00000

   Energies (kJ/mol)
           Bond            U-B    Proper Dih.  Improper Dih.      CMAP Dih.
    1.79806e+03    4.63141e+03    5.07212e+03    3.15980e+02   -4.02232e+02
          LJ-14     Coulomb-14        LJ (SR)   Coulomb (SR)   Coul. recip.
    1.50782e+03    1.34001e+04    3.89433e+04   -4.90948e+05    1.49618e+03
      Potential    Kinetic En.   Total Energy  Conserved En.    Temperature
   -4.24186e+05    7.81565e+04   -3.46029e+05   -3.35136e+05    3.03703e+02
 Pressure (bar)   Constr. rmsd
   -1.90039e+01    0.00000e+00

           Step           Time
          22000       44.00000

   Energies (kJ/mol)
           Bond            U-B    Proper Dih.  Improper Dih.      CMAP Dih.
    1.71387e+03    4.61667e+03    5.15173e+03    3.21938e+02   -4.41657e+02
          LJ-14     Coulomb-14        LJ (SR)   Coulomb (SR)   Coul. recip.
    1.51033e+03    1.32993e+04    4.02122e+04   -4.93328e+05    1.51251e+03
      Potential    Kinetic En.   Total Energy  Conserved En.    Temperature
   -4.25431e+05    7.78026e+04   -3.47629e+05   -3.35128e+05    3.02328e+02
 Pressure (bar)   Constr. rmsd
    1.85647e+02    0.00000e+00

           Step           Time
          23000       46.00000

   Energies (kJ/mol)
           Bond            U-B    Proper Dih.  Improper Dih.      CMAP Dih.
    1.75975e+03    4.50213e+03    5.12972e+03    2.96073e+02   -4.23529e+02
          LJ-14     Coulomb-14        LJ (SR)   Coulomb (SR)   Coul. recip.
    1.44524e+03    1.32171e+04    3.92948e+04   -4.92911e+05    1.51573e+03
      Potential    Kinetic En.   Total Energy  Conserved En.    Temperature
   -4.26174e+05    7.72900e+04   -3.48884e+05   -3.35101e+05    3.00336e+02
 Pressure (bar)   Constr. rmsd
   -6.99128e+01    0.00000e+00

           Step           Time
          24000       48.00000

   Energies (kJ/mol)
           Bond            U-B    Proper Dih.  Improper Dih.      CMAP Dih.
    1.64853e+03    4.81254e+03    5.12997e+03    2.97336e+02   -3.99282e+02
          LJ-14     Coulomb-14        LJ (SR)   Coulomb (SR)   Coul. recip.
    1.46316e+03    1.32522e+04    3.92170e+04   -4.92326e+05    1.54868e+03
      Potential    Kinetic En.   Total Energy  Conserved En.    Temperature
   -4.25356e+05    7.71418e+04   -3.48214e+05   -3.35172e+05    2.99760e+02
 Pressure (bar)   Constr. rmsd
    1.09379e+02    0.00000e+00

           Step           Time
          25000       50.00000

   Energies (kJ/mol)
           Bond            U-B    Proper Dih.  Improper Dih.      CMAP Dih.
    1.85720e+03    4.53692e+03    5.18192e+03    2.71430e+02   -4.45076e+02
          LJ-14     Coulomb-14        LJ (SR)   Coulomb (SR)   Coul. recip.
    1.50310e+03    1.31473e+04    3.95229e+04   -4.92970e+05    1.48818e+03
      Potential    Kinetic En.   Total Energy  Conserved En.    Temperature
   -4.25906e+05    7.80972e+04   -3.47809e+05   -3.35128e+05    3.03473e+02
 Pressure (bar)   Constr. rmsd
    3.98638e+01    0.00000e+00

           Step           Time
          26000       52.00000

   Energies (kJ/mol)
           Bond            U-B    Proper Dih.  Improper Dih.      CMAP Dih.
    1.65834e+03    4.69604e+03    5.14801e+03    2.91091e+02   -4.62339e+02
          LJ-14     Coulomb-14        LJ (SR)   Coulomb (SR)   Coul. recip.
    1.48024e+03    1.36878e+04    3.87690e+04   -4.92844e+05    1.53191e+03
      Potential    Kinetic En.   Total Energy  Conserved En.    Temperature
   -4.26044e+05    7.77413e+04   -3.48303e+05   -3.35021e+05    3.02090e+02
 Pressure (bar)   Constr. rmsd
   -6.43168e+01    0.00000e+00

           Step           Time
          27000       54.00000

   Energies (kJ/mol)
           Bond            U-B    Proper Dih.  Improper Dih.      CMAP Dih.
    1.74941e+03    4.74767e+03    5.09181e+03    2.85701e+02   -4.39779e+02
          LJ-14     Coulomb-14        LJ (SR)   Coulomb (SR)   Coul. recip.
    1.47096e+03    1.30565e+04    3.99947e+04   -4.94385e+05    1.44908e+03
      Potential    Kinetic En.   Total Energy  Conserved En.    Temperature
   -4.26979e+05    7.82031e+04   -3.48776e+05   -3.35028e+05    3.03884e+02
 Pressure (bar)   Constr. rmsd
    1.58339e+02    0.00000e+00

           Step           Time
          28000       56.00000

   Energies (kJ/mol)
           Bond            U-B    Proper Dih.  Improper Dih.      CMAP Dih.
    1.75277e+03    4.58987e+03    5.09233e+03    3.35686e+02   -4.65921e+02
          LJ-14     Coulomb-14        LJ (SR)   Coulomb (SR)   Coul. recip.
    1.50363e+03    1.32395e+04    4.10130e+04   -4.95288e+05    1.53462e+03
      Potential    Kinetic En.   Total Energy  Conserved En.    Temperature
   -4.26693e+05    7.80400e+04   -3.48653e+05   -3.35214e+05    3.03250e+02
 Pressure (bar)   Constr. rmsd
    3.41652e+02    0.00000e+00

           Step           Time
          29000       58.00000

   Energies (kJ/mol)
           Bond            U-B    Proper Dih.  Improper Dih.      CMAP Dih.
    1.64154e+03    4.53327e+03    5.11253e+03    2.92169e+02   -4.58200e+02
          LJ-14     Coulomb-14        LJ (SR)   Coulomb (SR)   Coul. recip.
    1.57335e+03    1.33515e+04    3.84027e+04   -4.92406e+05    1.53954e+03
      Potential    Kinetic En.   Total Energy  Conserved En.    Temperature
   -4.26418e+05    7.67849e+04   -3.49633e+05   -3.35058e+05    2.98373e+02
 Pressure (bar)   Constr. rmsd
   -2.49220e+01    0.00000e+00

           Step           Time
          30000       60.00000

   Energies (kJ/mol)
           Bond            U-B    Proper Dih.  Improper Dih.      CMAP Dih.
    1.67997e+03    4.67424e+03    5.17194e+03    2.51680e+02   -3.96882e+02
          LJ-14     Coulomb-14        LJ (SR)   Coulomb (SR)   Coul. recip.
    1.51797e+03    1.32532e+04    3.98064e+04   -4.92414e+05    1.47810e+03
      Potential    Kinetic En.   Total Energy  Conserved En.    Temperature
   -4.24977e+05    7.78153e+04   -3.47162e+05   -3.35271e+05    3.02377e+02
 Pressure (bar)   Constr. rmsd
    2.85608e+02    0.00000e+00

           Step           Time
          31000       62.00000

   Energies (kJ/mol)
           Bond            U-B    Proper Dih.  Improper Dih.      CMAP Dih.
    1.67189e+03    4.60909e+03    5.14200e+03    2.77261e+02   -4.44398e+02
          LJ-14     Coulomb-14        LJ (SR)   Coulomb (SR)   Coul. recip.
    1.58983e+03    1.31348e+04    4.00132e+04   -4.93775e+05    1.47639e+03
      Potential    Kinetic En.   Total Energy  Conserved En.    Temperature
   -4.26305e+05    7.82622e+04   -3.48043e+05   -3.35264e+05    3.04114e+02
 Pressure (bar)   Constr. rmsd
    2.57541e+02    0.00000e+00

           Step           Time
          32000       64.00000

   Energies (kJ/mol)
           Bond            U-B    Proper Dih.  Improper Dih.      CMAP Dih.
    1.54967e+03    4.55781e+03    5.09639e+03    2.93072e+02   -4.63018e+02
          LJ-14     Coulomb-14        LJ (SR)   Coulomb (SR)   Coul. recip.
    1.60779e+03    1.36468e+04    3.93366e+04   -4.94203e+05    1.49325e+03
      Potential    Kinetic En.   Total Energy  Conserved En.    Temperature
   -4.27084e+05    7.83862e+04   -3.48698e+05   -3.35163e+05    3.04596e+02
 Pressure (bar)   Constr. rmsd
    1.88189e+02    0.00000e+00

           Step           Time
          33000       66.00000

   Energies (kJ/mol)
           Bond            U-B    Proper Dih.  Improper Dih.      CMAP Dih.
    1.65283e+03    4.67385e+03    5.17110e+03    2.79066e+02   -4.49409e+02
          LJ-14     Coulomb-14        LJ (SR)   Coulomb (SR)   Coul. recip.
    1.45586e+03    1.33012e+04    3.83411e+04   -4.91339e+05    1.49123e+03
      Potential    Kinetic En.   Total Energy  Conserved En.    Temperature
   -4.25423e+05    7.80636e+04   -3.47359e+05   -3.35420e+05    3.03342e+02
 Pressure (bar)   Constr. rmsd
   -2.49779e+02    0.00000e+00

           Step           Time
          34000       68.00000

   Energies (kJ/mol)
           Bond            U-B    Proper Dih.  Improper Dih.      CMAP Dih.
    1.75240e+03    4.57708e+03    5.14808e+03    2.78635e+02   -4.49105e+02
          LJ-14     Coulomb-14        LJ (SR)   Coulomb (SR)   Coul. recip.
    1.49036e+03    1.34075e+04    3.98418e+04   -4.93579e+05    1.50265e+03
      Potential    Kinetic En.   Total Energy  Conserved En.    Temperature
   -4.26030e+05    7.92645e+04   -3.46766e+05   -3.35513e+05    3.08008e+02
 Pressure (bar)   Constr. rmsd
    1.25706e+02    0.00000e+00

           Step           Time
          35000       70.00000

   Energies (kJ/mol)
           Bond            U-B    Proper Dih.  Improper Dih.      CMAP Dih.
    1.84201e+03    4.50254e+03    5.11998e+03    3.32821e+02   -4.31233e+02
          LJ-14     Coulomb-14        LJ (SR)   Coulomb (SR)   Coul. recip.
    1.49491e+03    1.32296e+04    3.90475e+04   -4.92323e+05    1.50970e+03
      Potential    Kinetic En.   Total Energy  Conserved En.    Temperature
   -4.25676e+05    7.87853e+04   -3.46890e+05   -3.35698e+05    3.06146e+02
 Pressure (bar)   Constr. rmsd
   -1.33981e+02    0.00000e+00

           Step           Time
          36000       72.00000

   Energies (kJ/mol)
           Bond            U-B    Proper Dih.  Improper Dih.      CMAP Dih.
    1.74620e+03    4.48801e+03    5.14255e+03    3.09095e+02   -3.94609e+02
          LJ-14     Coulomb-14        LJ (SR)   Coulomb (SR)   Coul. recip.
    1.49352e+03    1.32170e+04    3.90246e+04   -4.92402e+05    1.52517e+03
      Potential    Kinetic En.   Total Energy  Conserved En.    Temperature
   -4.25850e+05    7.74693e+04   -3.48381e+05   -3.35632e+05    3.01033e+02
 Pressure (bar)   Constr. rmsd
   -1.38341e+02    0.00000e+00

           Step           Time
          37000       74.00000

   Energies (kJ/mol)
           Bond            U-B    Proper Dih.  Improper Dih.      CMAP Dih.
    1.72162e+03    4.46103e+03    5.12245e+03    3.23322e+02   -3.77959e+02
          LJ-14     Coulomb-14        LJ (SR)   Coulomb (SR)   Coul. recip.
    1.51451e+03    1.33583e+04    3.91083e+04   -4.92760e+05    1.38991e+03
      Potential    Kinetic En.   Total Energy  Conserved En.    Temperature
   -4.26139e+05    7.75530e+04   -3.48586e+05   -3.35728e+05    3.01358e+02
 Pressure (bar)   Constr. rmsd
   -1.63402e+02    0.00000e+00

           Step           Time
          38000       76.00000

   Energies (kJ/mol)
           Bond            U-B    Proper Dih.  Improper Dih.      CMAP Dih.
    1.79396e+03    4.67929e+03    5.17676e+03    3.34677e+02   -4.54562e+02
          LJ-14     Coulomb-14        LJ (SR)   Coulomb (SR)   Coul. recip.
    1.44637e+03    1.30522e+04    3.94194e+04   -4.92148e+05    1.47243e+03
      Potential    Kinetic En.   Total Energy  Conserved En.    Temperature
   -4.25228e+05    7.77840e+04   -3.47444e+05   -3.35486e+05    3.02256e+02
 Pressure (bar)   Constr. rmsd
   -7.46528e+01    0.00000e+00

           Step           Time
          39000       78.00000

   Energies (kJ/mol)
           Bond            U-B    Proper Dih.  Improper Dih.      CMAP Dih.
    1.82566e+03    4.61613e+03    5.07993e+03    3.60422e+02   -3.91135e+02
          LJ-14     Coulomb-14        LJ (SR)   Coulomb (SR)   Coul. recip.
    1.48111e+03    1.30492e+04    3.92547e+04   -4.93232e+05    1.50471e+03
      Potential    Kinetic En.   Total Energy  Conserved En.    Temperature
   -4.26452e+05    7.84327e+04   -3.48019e+05   -3.35444e+05    3.04776e+02
 Pressure (bar)   Constr. rmsd
   -3.98452e+01    0.00000e+00

           Step           Time
          40000       80.00000

   Energies (kJ/mol)
           Bond            U-B    Proper Dih.  Improper Dih.      CMAP Dih.
    1.72769e+03    4.86109e+03    5.21468e+03    2.55149e+02   -4.16865e+02
          LJ-14     Coulomb-14        LJ (SR)   Coulomb (SR)   Coul. recip.
    1.56005e+03    1.32895e+04    3.99399e+04   -4.93707e+05    1.53759e+03
      Potential    Kinetic En.   Total Energy  Conserved En.    Temperature
   -4.25738e+05    7.80468e+04   -3.47691e+05   -3.35702e+05    3.03277e+02
 Pressure (bar)   Constr. rmsd
    1.47289e+02    0.00000e+00

           Step           Time
          41000       82.00000

   Energies (kJ/mol)
           Bond            U-B    Proper Dih.  Improper Dih.      CMAP Dih.
    1.78876e+03    4.66510e+03    5.11044e+03    2.37509e+02   -4.27837e+02
          LJ-14     Coulomb-14        LJ (SR)   Coulomb (SR)   Coul. recip.
    1.51290e+03    1.32186e+04    3.87596e+04   -4.91302e+05    1.52672e+03
      Potential    Kinetic En.   Total Energy  Conserved En.    Temperature
   -4.24910e+05    7.82547e+04   -3.46656e+05   -3.35790e+05    3.04085e+02
 Pressure (bar)   Constr. rmsd
   -2.44018e+02    0.00000e+00

           Step           Time
          42000       84.00000

   Energies (kJ/mol)
           Bond            U-B    Proper Dih.  Improper Dih.      CMAP Dih.
    1.63780e+03    4.54499e+03    5.14772e+03    2.75117e+02   -4.30551e+02
          LJ-14     Coulomb-14        LJ (SR)   Coulomb (SR)   Coul. recip.
    1.50979e+03    1.32405e+04    4.02289e+04   -4.93395e+05    1.49520e+03
      Potential    Kinetic En.   Total Energy  Conserved En.    Temperature
   -4.25745e+05    7.73744e+04   -3.48371e+05   -3.35775e+05    3.00664e+02
 Pressure (bar)   Constr. rmsd
    1.29044e+02    0.00000e+00

           Step           Time
          43000       86.00000

   Energies (kJ/mol)
           Bond            U-B    Proper Dih.  Improper Dih.      CMAP Dih.
    1.68411e+03    4.56438e+03    5.28365e+03    3.11311e+02   -5.10111e+02
          LJ-14     Coulomb-14        LJ (SR)   Coulomb (SR)   Coul. recip.
    1.48901e+03    1.32978e+04    3.89068e+04   -4.92021e+05    1.46632e+03
      Potential    Kinetic En.   Total Energy  Conserved En.    Temperature
   -4.25527e+05    7.88102e+04   -3.46717e+05   -3.35680e+05    3.06243e+02
 Pressure (bar)   Constr. rmsd
   -3.02363e+02    0.00000e+00

           Step           Time
          44000       88.00000

   Energies (kJ/mol)
           Bond            U-B    Proper Dih.  Improper Dih.      CMAP Dih.
    1.73082e+03    4.75579e+03    5.18509e+03    3.14629e+02   -4.44450e+02
          LJ-14     Coulomb-14        LJ (SR)   Coulomb (SR)   Coul. recip.
    1.48715e+03    1.31609e+04    3.88134e+04   -4.91533e+05    1.55731e+03
      Potential    Kinetic En.   Total Energy  Conserved En.    Temperature
   -4.24972e+05    7.90338e+04   -3.45938e+05   -3.35640e+05    3.07112e+02
 Pressure (bar)   Constr. rmsd
   -3.17018e+01    0.00000e+00

           Step           Time
          45000       90.00000

   Energies (kJ/mol)
           Bond            U-B    Proper Dih.  Improper Dih.      CMAP Dih.
    1.74222e+03    4.68714e+03    5.12664e+03    2.86725e+02   -4.41803e+02
          LJ-14     Coulomb-14        LJ (SR)   Coulomb (SR)   Coul. recip.
    1.52623e+03    1.31975e+04    4.01922e+04   -4.93344e+05    1.55101e+03
      Potential    Kinetic En.   Total Energy  Conserved En.    Temperature
   -4.25477e+05    7.77051e+04   -3.47772e+05   -3.35699e+05    3.01949e+02
 Pressure (bar)   Constr. rmsd
    2.62729e+02    0.00000e+00

           Step           Time
          46000       92.00000

   Energies (kJ/mol)
           Bond            U-B    Proper Dih.  Improper Dih.      CMAP Dih.
    1.59660e+03    4.65160e+03    5.08610e+03    2.60242e+02   -3.86735e+02
          LJ-14     Coulomb-14        LJ (SR)   Coulomb (SR)   Coul. recip.
    1.51043e+03    1.33641e+04    3.94534e+04   -4.92768e+05    1.51298e+03
      Potential    Kinetic En.   Total Energy  Conserved En.    Temperature
   -4.25719e+05    7.77322e+04   -3.47987e+05   -3.35602e+05    3.02054e+02
 Pressure (bar)   Constr. rmsd
    7.53493e+01    0.00000e+00

           Step           Time
          47000       94.00000

   Energies (kJ/mol)
           Bond            U-B    Proper Dih.  Improper Dih.      CMAP Dih.
    1.82864e+03    4.75739e+03    5.13490e+03    3.04876e+02   -3.91507e+02
          LJ-14     Coulomb-14        LJ (SR)   Coulomb (SR)   Coul. recip.
    1.50414e+03    1.30387e+04    3.99154e+04   -4.92923e+05    1.51588e+03
      Potential    Kinetic En.   Total Energy  Conserved En.    Temperature
   -4.25315e+05    7.83300e+04   -3.46985e+05   -3.35548e+05    3.04377e+02
 Pressure (bar)   Constr. rmsd
    3.39427e+01    0.00000e+00

           Step           Time
          48000       96.00000

   Energies (kJ/mol)
           Bond            U-B    Proper Dih.  Improper Dih.      CMAP Dih.
    1.82501e+03    4.61640e+03    5.04950e+03    3.10556e+02   -4.02819e+02
          LJ-14     Coulomb-14        LJ (SR)   Coulomb (SR)   Coul. recip.
    1.47379e+03    1.32270e+04    3.99477e+04   -4.93315e+05    1.44324e+03
      Potential    Kinetic En.   Total Energy  Conserved En.    Temperature
   -4.25824e+05    7.85769e+04   -3.47248e+05   -3.35558e+05    3.05337e+02
 Pressure (bar)   Constr. rmsd
    1.24140e+02    0.00000e+00

           Step           Time
          49000       98.00000

   Energies (kJ/mol)
           Bond            U-B    Proper Dih.  Improper Dih.      CMAP Dih.
    1.78575e+03    4.67456e+03    5.09794e+03    2.82536e+02   -4.40198e+02
          LJ-14     Coulomb-14        LJ (SR)   Coulomb (SR)   Coul. recip.
    1.45565e+03    1.31302e+04    3.89825e+04   -4.92626e+05    1.51988e+03
      Potential    Kinetic En.   Total Energy  Conserved En.    Temperature
   -4.26137e+05    7.79363e+04   -3.48201e+05   -3.35595e+05    3.02847e+02
 Pressure (bar)   Constr. rmsd
   -1.74754e+02    0.00000e+00

           Step           Time
          50000      100.00000

   Energies (kJ/mol)
           Bond            U-B    Proper Dih.  Improper Dih.      CMAP Dih.
    1.71700e+03    4.54676e+03    5.09234e+03    3.10411e+02   -4.52359e+02
          LJ-14     Coulomb-14        LJ (SR)   Coulomb (SR)   Coul. recip.
    1.46252e+03    1.33737e+04    3.93937e+04   -4.92812e+05    1.41352e+03
      Potential    Kinetic En.   Total Energy  Conserved En.    Temperature
   -4.25954e+05    7.76957e+04   -3.48259e+05   -3.35705e+05    3.01912e+02
 Pressure (bar)   Constr. rmsd
   -7.43461e+01    0.00000e+00

           Step           Time
          51000      102.00000

   Energies (kJ/mol)
           Bond            U-B    Proper Dih.  Improper Dih.      CMAP Dih.
    1.80560e+03    4.46790e+03    5.10142e+03    3.12780e+02   -4.41909e+02
          LJ-14     Coulomb-14        LJ (SR)   Coulomb (SR)   Coul. recip.
    1.52635e+03    1.32190e+04    3.93943e+04   -4.93644e+05    1.48246e+03
      Potential    Kinetic En.   Total Energy  Conserved En.    Temperature
   -4.26776e+05    7.74596e+04   -3.49316e+05   -3.35636e+05    3.00995e+02
 Pressure (bar)   Constr. rmsd
   -1.71367e+01    0.00000e+00

           Step           Time
          52000      104.00000

   Energies (kJ/mol)
           Bond            U-B    Proper Dih.  Improper Dih.      CMAP Dih.
    1.74583e+03    4.60908e+03    5.09043e+03    3.19871e+02   -4.45671e+02
          LJ-14     Coulomb-14        LJ (SR)   Coulomb (SR)   Coul. recip.
    1.50238e+03    1.31835e+04    4.11084e+04   -4.95735e+05    1.47007e+03
      Potential    Kinetic En.   Total Energy  Conserved En.    Temperature
   -4.27152e+05    7.73329e+04   -3.49819e+05   -3.35540e+05    3.00503e+02
 Pressure (bar)   Constr. rmsd
    3.49516e+02    0.00000e+00

           Step           Time
          53000      106.00000

   Energies (kJ/mol)
           Bond            U-B    Proper Dih.  Improper Dih.      CMAP Dih.
    1.72057e+03    4.54969e+03    5.25011e+03    3.06986e+02   -4.02876e+02
          LJ-14     Coulomb-14        LJ (SR)   Coulomb (SR)   Coul. recip.
    1.54866e+03    1.32677e+04    3.97880e+04   -4.92864e+05    1.56685e+03
      Potential    Kinetic En.   Total Energy  Conserved En.    Temperature
   -4.25268e+05    7.80529e+04   -3.47215e+05   -3.35632e+05    3.03301e+02
 Pressure (bar)   Constr. rmsd
    1.75127e+02    0.00000e+00

           Step           Time
          54000      108.00000

   Energies (kJ/mol)
           Bond            U-B    Proper Dih.  Improper Dih.      CMAP Dih.
    1.66790e+03    4.51315e+03    5.09091e+03    3.00766e+02   -4.02872e+02
          LJ-14     Coulomb-14        LJ (SR)   Coulomb (SR)   Coul. recip.
    1.55668e+03    1.34021e+04    3.91026e+04   -4.92907e+05    1.49757e+03
      Potential    Kinetic En.   Total Energy  Conserved En.    Temperature
   -4.26178e+05    7.83541e+04   -3.47824e+05   -3.35651e+05    3.04471e+02
 Pressure (bar)   Constr. rmsd
    8.18147e+01    0.00000e+00

           Step           Time
          55000      110.00000

   Energies (kJ/mol)
           Bond            U-B    Proper Dih.  Improper Dih.      CMAP Dih.
    1.67309e+03    4.72699e+03    5.05798e+03    3.42854e+02   -3.89414e+02
          LJ-14     Coulomb-14        LJ (SR)   Coulomb (SR)   Coul. recip.
    1.51300e+03    1.33733e+04    3.87114e+04   -4.91305e+05    1.52942e+03
      Potential    Kinetic En.   Total Energy  Conserved En.    Temperature
   -4.24767e+05    7.71818e+04   -3.47585e+05   -3.35533e+05    2.99916e+02
 Pressure (bar)   Constr. rmsd
   -4.18299e+01    0.00000e+00

           Step           Time
          56000      112.00000

   Energies (kJ/mol)
           Bond            U-B    Proper Dih.  Improper Dih.      CMAP Dih.
    1.73528e+03    4.57759e+03    5.26846e+03    3.09465e+02   -4.99351e+02
          LJ-14     Coulomb-14        LJ (SR)   Coulomb (SR)   Coul. recip.
    1.51336e+03    1.33295e+04    3.98528e+04   -4.93589e+05    1.47449e+03
      Potential    Kinetic En.   Total Energy  Conserved En.    Temperature
   -4.26028e+05    7.87788e+04   -3.47249e+05   -3.35583e+05    3.06121e+02
 Pressure (bar)   Constr. rmsd
    6.02162e+01    0.00000e+00

           Step           Time
          57000      114.00000

   Energies (kJ/mol)
           Bond            U-B    Proper Dih.  Improper Dih.      CMAP Dih.
    1.73342e+03    4.58136e+03    5.25412e+03    3.16632e+02   -4.61253e+02
          LJ-14     Coulomb-14        LJ (SR)   Coulomb (SR)   Coul. recip.
    1.48804e+03    1.34780e+04    3.92735e+04   -4.92100e+05    1.52603e+03
      Potential    Kinetic En.   Total Energy  Conserved En.    Temperature
   -4.24910e+05    7.78121e+04   -3.47098e+05   -3.35626e+05    3.02365e+02
 Pressure (bar)   Constr. rmsd
   -1.97726e+01    0.00000e+00

           Step           Time
          58000      116.00000

   Energies (kJ/mol)
           Bond            U-B    Proper Dih.  Improper Dih.      CMAP Dih.
    1.70726e+03    4.61288e+03    5.03660e+03    3.49285e+02   -4.25136e+02
          LJ-14     Coulomb-14        LJ (SR)   Coulomb (SR)   Coul. recip.
    1.48716e+03    1.33677e+04    3.89327e+04   -4.91333e+05    1.46448e+03
      Potential    Kinetic En.   Total Energy  Conserved En.    Temperature
   -4.24800e+05    7.82636e+04   -3.46536e+05   -3.35753e+05    3.04119e+02
 Pressure (bar)   Constr. rmsd
   -1.07193e+01    0.00000e+00

           Step           Time
          59000      118.00000

   Energies (kJ/mol)
           Bond            U-B    Proper Dih.  Improper Dih.      CMAP Dih.
    1.78821e+03    4.60699e+03    5.16192e+03    2.77992e+02   -4.25973e+02
          LJ-14     Coulomb-14        LJ (SR)   Coulomb (SR)   Coul. recip.
    1.49459e+03    1.32764e+04    4.04677e+04   -4.93584e+05    1.49016e+03
      Potential    Kinetic En.   Total Energy  Conserved En.    Temperature
   -4.25446e+05    7.80939e+04   -3.47352e+05   -3.35775e+05    3.03460e+02
 Pressure (bar)   Constr. rmsd
    1.19237e+02    0.00000e+00

           Step           Time
          60000      120.00000

   Energies (kJ/mol)
           Bond            U-B    Proper Dih.  Improper Dih.      CMAP Dih.
    1.68017e+03    4.78221e+03    5.12072e+03    2.54354e+02   -4.81861e+02
          LJ-14     Coulomb-14        LJ (SR)   Coulomb (SR)   Coul. recip.
    1.49812e+03    1.32587e+04    3.76389e+04   -4.90305e+05    1.50420e+03
      Potential    Kinetic En.   Total Energy  Conserved En.    Temperature
   -4.25049e+05    7.73512e+04   -3.47698e+05   -3.35908e+05    3.00574e+02
 Pressure (bar)   Constr. rmsd
   -3.64418e+02    0.00000e+00

           Step           Time
          61000      122.00000

   Energies (kJ/mol)
           Bond            U-B    Proper Dih.  Improper Dih.      CMAP Dih.
    1.72264e+03    4.64315e+03    5.21843e+03    3.52075e+02   -4.45650e+02
          LJ-14     Coulomb-14        LJ (SR)   Coulomb (SR)   Coul. recip.
    1.49155e+03    1.32423e+04    3.87878e+04   -4.91827e+05    1.45978e+03
      Potential    Kinetic En.   Total Energy  Conserved En.    Temperature
   -4.25355e+05    7.75953e+04   -3.47759e+05   -3.35843e+05    3.01523e+02
 Pressure (bar)   Constr. rmsd
   -2.31354e+02    0.00000e+00

           Step           Time
          62000      124.00000

   Energies (kJ/mol)
           Bond            U-B    Proper Dih.  Improper Dih.      CMAP Dih.
    1.75917e+03    4.63171e+03    5.18813e+03    3.42605e+02   -4.46112e+02
          LJ-14     Coulomb-14        LJ (SR)   Coulomb (SR)   Coul. recip.
    1.50665e+03    1.34327e+04    3.93846e+04   -4.92736e+05    1.45606e+03
      Potential    Kinetic En.   Total Energy  Conserved En.    Temperature
   -4.25480e+05    7.74864e+04   -3.47994e+05   -3.35824e+05    3.01099e+02
 Pressure (bar)   Constr. rmsd
   -1.62307e+02    0.00000e+00

           Step           Time
          63000      126.00000

   Energies (kJ/mol)
           Bond            U-B    Proper Dih.  Improper Dih.      CMAP Dih.
    1.72958e+03    4.55988e+03    5.23877e+03    3.15379e+02   -4.86549e+02
          LJ-14     Coulomb-14        LJ (SR)   Coulomb (SR)   Coul. recip.
    1.52542e+03    1.35894e+04    3.86635e+04   -4.91802e+05    1.51548e+03
      Potential    Kinetic En.   Total Energy  Conserved En.    Temperature
   -4.25151e+05    7.78610e+04   -3.47290e+05   -3.36005e+05    3.02555e+02
 Pressure (bar)   Constr. rmsd
   -1.36865e+02    0.00000e+00

           Step           Time
          64000      128.00000

   Energies (kJ/mol)
           Bond            U-B    Proper Dih.  Improper Dih.      CMAP Dih.
    1.81186e+03    4.59959e+03    5.20191e+03    2.75185e+02   -4.42791e+02
          LJ-14     Coulomb-14        LJ (SR)   Coulomb (SR)   Coul. recip.
    1.56565e+03    1.33132e+04    3.85964e+04   -4.90374e+05    1.49377e+03
      Potential    Kinetic En.   Total Energy  Conserved En.    Temperature
   -4.23959e+05    7.77444e+04   -3.46215e+05   -3.36049e+05    3.02102e+02
 Pressure (bar)   Constr. rmsd
   -9.95627e+01    0.00000e+00

           Step           Time
          65000      130.00000

   Energies (kJ/mol)
           Bond            U-B    Proper Dih.  Improper Dih.      CMAP Dih.
    1.78748e+03    4.43263e+03    5.18532e+03    2.98192e+02   -4.67444e+02
          LJ-14     Coulomb-14        LJ (SR)   Coulomb (SR)   Coul. recip.
    1.52762e+03    1.33999e+04    4.05196e+04   -4.93676e+05    1.45913e+03
      Potential    Kinetic En.   Total Energy  Conserved En.    Temperature
   -4.25534e+05    7.87582e+04   -3.46776e+05   -3.36022e+05    3.06041e+02
 Pressure (bar)   Constr. rmsd
    7.71838e+01    0.00000e+00

           Step           Time
          66000      132.00000

   Energies (kJ/mol)
           Bond            U-B    Proper Dih.  Improper Dih.      CMAP Dih.
    1.73832e+03    4.66343e+03    5.14646e+03    2.64686e+02   -4.41643e+02
          LJ-14     Coulomb-14        LJ (SR)   Coulomb (SR)   Coul. recip.
    1.51093e+03    1.32421e+04    3.97730e+04   -4.91866e+05    1.48390e+03
      Potential    Kinetic En.   Total Energy  Conserved En.    Temperature
   -4.24485e+05    7.80270e+04   -3.46458e+05   -3.35937e+05    3.03200e+02
 Pressure (bar)   Constr. rmsd
    5.32197e+01    0.00000e+00

           Step           Time
          67000      134.00000

   Energies (kJ/mol)
           Bond            U-B    Proper Dih.  Improper Dih.      CMAP Dih.
    1.69841e+03    4.66491e+03    5.11805e+03    3.08120e+02   -4.39024e+02
          LJ-14     Coulomb-14        LJ (SR)   Coulomb (SR)   Coul. recip.
    1.48324e+03    1.32982e+04    4.03211e+04   -4.92994e+05    1.45719e+03
      Potential    Kinetic En.   Total Energy  Conserved En.    Temperature
   -4.25084e+05    7.81279e+04   -3.46956e+05   -3.35986e+05    3.03592e+02
 Pressure (bar)   Constr. rmsd
    2.60694e+02    0.00000e+00

           Step           Time
          68000      136.00000

   Energies (kJ/mol)
           Bond            U-B    Proper Dih.  Improper Dih.      CMAP Dih.
    1.63425e+03    4.49178e+03    5.04675e+03    2.88963e+02   -4.05857e+02
          LJ-14     Coulomb-14        LJ (SR)   Coulomb (SR)   Coul. recip.
    1.54172e+03    1.34297e+04    3.95305e+04   -4.92857e+05    1.49074e+03
      Potential    Kinetic En.   Total Energy  Conserved En.    Temperature
   -4.25809e+05    7.74124e+04   -3.48396e+05   -3.36059e+05    3.00812e+02
 Pressure (bar)   Constr. rmsd
   -4.05259e+00    0.00000e+00

           Step           Time
          69000      138.00000

   Energies (kJ/mol)
           Bond            U-B    Proper Dih.  Improper Dih.      CMAP Dih.
    1.74114e+03    4.54631e+03    5.08295e+03    3.09993e+02   -4.43474e+02
          LJ-14     Coulomb-14        LJ (SR)   Coulomb (SR)   Coul. recip.
    1.52530e+03    1.33077e+04    3.91583e+04   -4.92349e+05    1.50499e+03
      Potential    Kinetic En.   Total Energy  Conserved En.    Temperature
   -4.25616e+05    7.84320e+04   -3.47184e+05   -3.35972e+05    3.04774e+02
 Pressure (bar)   Constr. rmsd
   -1.04872e+02    0.00000e+00

           Step           Time
          70000      140.00000

   Energies (kJ/mol)
           Bond            U-B    Proper Dih.  Improper Dih.      CMAP Dih.
    1.70733e+03    4.70966e+03    5.19078e+03    2.90094e+02   -4.43180e+02
          LJ-14     Coulomb-14        LJ (SR)   Coulomb (SR)   Coul. recip.
    1.53601e+03    1.32623e+04    3.96348e+04   -4.93082e+05    1.46948e+03
      Potential    Kinetic En.   Total Energy  Conserved En.    Temperature
   -4.25725e+05    7.84398e+04   -3.47285e+05   -3.35996e+05    3.04804e+02
 Pressure (bar)   Constr. rmsd
    4.96701e+01    0.00000e+00

           Step           Time
          71000      142.00000

   Energies (kJ/mol)
           Bond            U-B    Proper Dih.  Improper Dih.      CMAP Dih.
    1.51335e+03    4.61087e+03    5.14289e+03    2.96311e+02   -4.65249e+02
          LJ-14     Coulomb-14        LJ (SR)   Coulomb (SR)   Coul. recip.
    1.52888e+03    1.32834e+04    4.07437e+04   -4.94812e+05    1.53827e+03
      Potential    Kinetic En.   Total Energy  Conserved En.    Temperature
   -4.26620e+05    7.75656e+04   -3.49054e+05   -3.35964e+05    3.01407e+02
 Pressure (bar)   Constr. rmsd
    2.77544e+02    0.00000e+00

           Step           Time
          72000      144.00000

   Energies (kJ/mol)
           Bond            U-B    Proper Dih.  Improper Dih.      CMAP Dih.
    1.77956e+03    4.63438e+03    5.17813e+03    3.48509e+02   -4.39336e+02
          LJ-14     Coulomb-14        LJ (SR)   Coulomb (SR)   Coul. recip.
    1.47584e+03    1.32244e+04    4.04926e+04   -4.94670e+05    1.45771e+03
      Potential    Kinetic En.   Total Energy  Conserved En.    Temperature
   -4.26518e+05    7.84054e+04   -3.48112e+05   -3.36063e+05    3.04670e+02
 Pressure (bar)   Constr. rmsd
    3.82235e+01    0.00000e+00

           Step           Time
          73000      146.00000

   Energies (kJ/mol)
           Bond            U-B    Proper Dih.  Improper Dih.      CMAP Dih.
    1.76588e+03    4.51239e+03    5.13294e+03    3.08195e+02   -4.29820e+02
          LJ-14     Coulomb-14        LJ (SR)   Coulomb (SR)   Coul. recip.
    1.45702e+03    1.31145e+04    3.88225e+04   -4.91520e+05    1.51064e+03
      Potential    Kinetic En.   Total Energy  Conserved En.    Temperature
   -4.25326e+05    7.69928e+04   -3.48333e+05   -3.35983e+05    2.99181e+02
 Pressure (bar)   Constr. rmsd
   -1.98117e+02    0.00000e+00

           Step           Time
          74000      148.00000

   Energies (kJ/mol)
           Bond            U-B    Proper Dih.  Improper Dih.      CMAP Dih.
    1.76694e+03    4.63675e+03    5.01802e+03    3.04191e+02   -3.92981e+02
          LJ-14     Coulomb-14        LJ (SR)   Coulomb (SR)   Coul. recip.
    1.52260e+03    1.33222e+04    3.97023e+04   -4.93384e+05    1.58428e+03
      Potential    Kinetic En.   Total Energy  Conserved En.    Temperature
   -4.25920e+05    7.82744e+04   -3.47646e+05   -3.36024e+05    3.04161e+02
 Pressure (bar)   Constr. rmsd
   -4.67025e+01    0.00000e+00

           Step           Time
          75000      150.00000

   Energies (kJ/mol)
           Bond            U-B    Proper Dih.  Improper Dih.      CMAP Dih.
    1.83423e+03    4.83972e+03    5.12231e+03    2.71420e+02   -4.14474e+02
          LJ-14     Coulomb-14        LJ (SR)   Coulomb (SR)   Coul. recip.
    1.51582e+03    1.30805e+04    3.88595e+04   -4.91278e+05    1.49740e+03
      Potential    Kinetic En.   Total Energy  Conserved En.    Temperature
   -4.24672e+05    7.77412e+04   -3.46931e+05   -3.36053e+05    3.02089e+02
 Pressure (bar)   Constr. rmsd
   -1.30721e+02    0.00000e+00

           Step           Time
          76000      152.00000

   Energies (kJ/mol)
           Bond            U-B    Proper Dih.  Improper Dih.      CMAP Dih.
    1.65942e+03    4.66124e+03    5.09929e+03    2.92545e+02   -5.17966e+02
          LJ-14     Coulomb-14        LJ (SR)   Coulomb (SR)   Coul. recip.
    1.54629e+03    1.32578e+04    3.90025e+04   -4.92065e+05    1.50556e+03
      Potential    Kinetic En.   Total Energy  Conserved En.    Temperature
   -4.25558e+05    7.78638e+04   -3.47694e+05   -3.36054e+05    3.02566e+02
 Pressure (bar)   Constr. rmsd
   -2.94854e+01    0.00000e+00

           Step           Time
          77000      154.00000

   Energies (kJ/mol)
           Bond            U-B    Proper Dih.  Improper Dih.      CMAP Dih.
    1.78701e+03    4.54239e+03    5.11712e+03    3.20951e+02   -4.15927e+02
          LJ-14     Coulomb-14        LJ (SR)   Coulomb (SR)   Coul. recip.
    1.44836e+03    1.33191e+04    3.91209e+04   -4.92266e+05    1.46845e+03
      Potential    Kinetic En.   Total Energy  Conserved En.    Temperature
   -4.25558e+05    7.73585e+04   -3.48200e+05   -3.36047e+05    3.00602e+02
 Pressure (bar)   Constr. rmsd
   -2.25206e+02    0.00000e+00

           Step           Time
          78000      156.00000

   Energies (kJ/mol)
           Bond            U-B    Proper Dih.  Improper Dih.      CMAP Dih.
    1.67501e+03    4.64686e+03    5.16478e+03    3.15966e+02   -4.60621e+02
          LJ-14     Coulomb-14        LJ (SR)   Coulomb (SR)   Coul. recip.
    1.56159e+03    1.31295e+04    3.92584e+04   -4.92965e+05    1.50259e+03
      Potential    Kinetic En.   Total Energy  Conserved En.    Temperature
   -4.26171e+05    7.76356e+04   -3.48535e+05   -3.36041e+05    3.01679e+02
 Pressure (bar)   Constr. rmsd
   -6.53587e+01    0.00000e+00

           Step           Time
          79000      158.00000

   Energies (kJ/mol)
           Bond            U-B    Proper Dih.  Improper Dih.      CMAP Dih.
    1.78867e+03    4.31887e+03    5.14975e+03    2.79946e+02   -3.93226e+02
          LJ-14     Coulomb-14        LJ (SR)   Coulomb (SR)   Coul. recip.
    1.56732e+03    1.32604e+04    3.90575e+04   -4.92560e+05    1.45502e+03
      Potential    Kinetic En.   Total Energy  Conserved En.    Temperature
   -4.26075e+05    7.74428e+04   -3.48632e+05   -3.36116e+05    3.00930e+02
 Pressure (bar)   Constr. rmsd
   -1.40007e+01    0.00000e+00

           Step           Time
          80000      160.00000

   Energies (kJ/mol)
           Bond            U-B    Proper Dih.  Improper Dih.      CMAP Dih.
    1.71184e+03    4.73462e+03    5.10430e+03    2.92566e+02   -4.32267e+02
          LJ-14     Coulomb-14        LJ (SR)   Coulomb (SR)   Coul. recip.
    1.49198e+03    1.33054e+04    3.94513e+04   -4.94144e+05    1.44606e+03
      Potential    Kinetic En.   Total Energy  Conserved En.    Temperature
   -4.27038e+05    7.83943e+04   -3.48644e+05   -3.36175e+05    3.04627e+02
 Pressure (bar)   Constr. rmsd
   -2.16059e+02    0.00000e+00

           Step           Time
          81000      162.00000

   Energies (kJ/mol)
           Bond            U-B    Proper Dih.  Improper Dih.      CMAP Dih.
    1.64991e+03    4.65265e+03    5.09687e+03    3.27162e+02   -4.32363e+02
          LJ-14     Coulomb-14        LJ (SR)   Coulomb (SR)   Coul. recip.
    1.50241e+03    1.34238e+04    4.00775e+04   -4.93971e+05    1.52757e+03
      Potential    Kinetic En.   Total Energy  Conserved En.    Temperature
   -4.26146e+05    7.80352e+04   -3.48110e+05   -3.36193e+05    3.03232e+02
 Pressure (bar)   Constr. rmsd
    6.21589e+01    0.00000e+00

           Step           Time
          82000      164.00000

   Energies (kJ/mol)
           Bond            U-B    Proper Dih.  Improper Dih.      CMAP Dih.
    1.72062e+03    4.65782e+03    5.03839e+03    2.75514e+02   -4.42160e+02
          LJ-14     Coulomb-14        LJ (SR)   Coulomb (SR)   Coul. recip.
    1.48832e+03    1.33851e+04    3.96120e+04   -4.92772e+05    1.50477e+03
      Potential    Kinetic En.   Total Energy  Conserved En.    Temperature
   -4.25532e+05    7.81998e+04   -3.47332e+05   -3.36141e+05    3.03871e+02
 Pressure (bar)   Constr. rmsd
    2.90953e+01    0.00000e+00

           Step           Time
          83000      166.00000

   Energies (kJ/mol)
           Bond            U-B    Proper Dih.  Improper Dih.      CMAP Dih.
    1.69721e+03    4.55644e+03    5.17553e+03    2.68807e+02   -4.10476e+02
          LJ-14     Coulomb-14        LJ (SR)   Coulomb (SR)   Coul. recip.
    1.51724e+03    1.34349e+04    3.91850e+04   -4.93740e+05    1.56045e+03
      Potential    Kinetic En.   Total Energy  Conserved En.    Temperature
   -4.26755e+05    7.82674e+04   -3.48487e+05   -3.36148e+05    3.04134e+02
 Pressure (bar)   Constr. rmsd
   -9.01748e+01    0.00000e+00

           Step           Time
          84000      168.00000

   Energies (kJ/mol)
           Bond            U-B    Proper Dih.  Improper Dih.      CMAP Dih.
    1.75464e+03    4.50653e+03    5.06249e+03    3.04628e+02   -4.28075e+02
          LJ-14     Coulomb-14        LJ (SR)   Coulomb (SR)   Coul. recip.
    1.51156e+03    1.35789e+04    3.89163e+04   -4.92743e+05    1.47774e+03
      Potential    Kinetic En.   Total Energy  Conserved En.    Temperature
   -4.26058e+05    7.81550e+04   -3.47903e+05   -3.36158e+05    3.03697e+02
 Pressure (bar)   Constr. rmsd
   -1.59081e+02    0.00000e+00

           Step           Time
          85000      170.00000

   Energies (kJ/mol)
           Bond            U-B    Proper Dih.  Improper Dih.      CMAP Dih.
    1.71781e+03    4.65489e+03    5.08042e+03    3.14501e+02   -4.20842e+02
          LJ-14     Coulomb-14        LJ (SR)   Coulomb (SR)   Coul. recip.
    1.45263e+03    1.33320e+04    3.89788e+04   -4.91438e+05    1.44592e+03
      Potential    Kinetic En.   Total Energy  Conserved En.    Temperature
   -4.24881e+05    7.74255e+04   -3.47456e+05   -3.36069e+05    3.00863e+02
 Pressure (bar)   Constr. rmsd
   -1.44696e+02    0.00000e+00

           Step           Time
          86000      172.00000

   Energies (kJ/mol)
           Bond            U-B    Proper Dih.  Improper Dih.      CMAP Dih.
    1.67828e+03    4.46298e+03    5.03580e+03    3.23477e+02   -4.33939e+02
          LJ-14     Coulomb-14        LJ (SR)   Coulomb (SR)   Coul. recip.
    1.51526e+03    1.33223e+04    4.01684e+04   -4.94285e+05    1.43991e+03
      Potential    Kinetic En.   Total Energy  Conserved En.    Temperature
   -4.26773e+05    7.78109e+04   -3.48962e+05   -3.36108e+05    3.02360e+02
 Pressure (bar)   Constr. rmsd
    9.20535e+01    0.00000e+00

           Step           Time
          87000      174.00000

   Energies (kJ/mol)
           Bond            U-B    Proper Dih.  Improper Dih.      CMAP Dih.
    1.69161e+03    4.54474e+03    5.17501e+03    3.08608e+02   -4.20345e+02
          LJ-14     Coulomb-14        LJ (SR)   Coulomb (SR)   Coul. recip.
    1.51433e+03    1.32963e+04    3.89258e+04   -4.92163e+05    1.44713e+03
      Potential    Kinetic En.   Total Energy  Conserved En.    Temperature
   -4.25679e+05    7.75551e+04   -3.48124e+05   -3.36066e+05    3.01366e+02
 Pressure (bar)   Constr. rmsd
   -7.12066e+01    0.00000e+00

           Step           Time
          88000      176.00000

   Energies (kJ/mol)
           Bond            U-B    Proper Dih.  Improper Dih.      CMAP Dih.
    1.65391e+03    4.70960e+03    5.13039e+03    3.12740e+02   -4.56679e+02
          LJ-14     Coulomb-14        LJ (SR)   Coulomb (SR)   Coul. recip.
    1.52649e+03    1.31732e+04    3.99237e+04   -4.93721e+05    1.48752e+03
      Potential    Kinetic En.   Total Energy  Conserved En.    Temperature
   -4.26260e+05    7.82640e+04   -3.47996e+05   -3.35843e+05    3.04121e+02
 Pressure (bar)   Constr. rmsd
    1.43030e+02    0.00000e+00

           Step           Time
          89000      178.00000

   Energies (kJ/mol)
           Bond            U-B    Proper Dih.  Improper Dih.      CMAP Dih.
    1.78039e+03    4.71818e+03    5.09995e+03    2.62217e+02   -3.96194e+02
          LJ-14     Coulomb-14        LJ (SR)   Coulomb (SR)   Coul. recip.
    1.48761e+03    1.30291e+04    3.96015e+04   -4.93426e+05    1.50004e+03
      Potential    Kinetic En.   Total Energy  Conserved En.    Temperature
   -4.26344e+05    7.87375e+04   -3.47606e+05   -3.36148e+05    3.05961e+02
 Pressure (bar)   Constr. rmsd
   -1.47174e+02    0.00000e+00

           Step           Time
          90000      180.00000

   Energies (kJ/mol)
           Bond            U-B    Proper Dih.  Improper Dih.      CMAP Dih.
    1.88712e+03    4.93998e+03    5.05439e+03    3.26274e+02   -3.78226e+02
          LJ-14     Coulomb-14        LJ (SR)   Coulomb (SR)   Coul. recip.
    1.39191e+03    1.29550e+04    4.00538e+04   -4.93225e+05    1.46851e+03
      Potential    Kinetic En.   Total Energy  Conserved En.    Temperature
   -4.25526e+05    7.76219e+04   -3.47905e+05   -3.36149e+05    3.01626e+02
 Pressure (bar)   Constr. rmsd
    5.28041e+01    0.00000e+00

           Step           Time
          91000      182.00000

   Energies (kJ/mol)
           Bond            U-B    Proper Dih.  Improper Dih.      CMAP Dih.
    1.88868e+03    4.61847e+03    4.99048e+03    2.80417e+02   -3.54828e+02
          LJ-14     Coulomb-14        LJ (SR)   Coulomb (SR)   Coul. recip.
    1.51487e+03    1.30628e+04    3.90854e+04   -4.92500e+05    1.48824e+03
      Potential    Kinetic En.   Total Energy  Conserved En.    Temperature
   -4.25925e+05    7.84006e+04   -3.47524e+05   -3.36061e+05    3.04652e+02
 Pressure (bar)   Constr. rmsd
   -2.02557e+02    0.00000e+00

           Step           Time
          92000      184.00000

   Energies (kJ/mol)
           Bond            U-B    Proper Dih.  Improper Dih.      CMAP Dih.
    1.72190e+03    4.49875e+03    5.24705e+03    3.13717e+02   -4.40971e+02
          LJ-14     Coulomb-14        LJ (SR)   Coulomb (SR)   Coul. recip.
    1.55321e+03    1.32676e+04    3.93916e+04   -4.93349e+05    1.46864e+03
      Potential    Kinetic En.   Total Energy  Conserved En.    Temperature
   -4.26328e+05    7.77872e+04   -3.48541e+05   -3.35911e+05    3.02268e+02
 Pressure (bar)   Constr. rmsd
   -7.71658e+01    0.00000e+00

           Step           Time
          93000      186.00000

   Energies (kJ/mol)
           Bond            U-B    Proper Dih.  Improper Dih.      CMAP Dih.
    1.69912e+03    4.68178e+03    5.21785e+03    2.75870e+02   -4.52586e+02
          LJ-14     Coulomb-14        LJ (SR)   Coulomb (SR)   Coul. recip.
    1.58484e+03    1.32111e+04    3.89153e+04   -4.91335e+05    1.49288e+03
      Potential    Kinetic En.   Total Energy  Conserved En.    Temperature
   -4.24708e+05    7.70615e+04   -3.47647e+05   -3.35964e+05    2.99448e+02
 Pressure (bar)   Constr. rmsd
    7.48868e+01    0.00000e+00

           Step           Time
          94000      188.00000

   Energies (kJ/mol)
           Bond            U-B    Proper Dih.  Improper Dih.      CMAP Dih.
    1.68058e+03    4.69399e+03    5.16756e+03    2.74553e+02   -4.59395e+02
          LJ-14     Coulomb-14        LJ (SR)   Coulomb (SR)   Coul. recip.
    1.56540e+03    1.35465e+04    3.95048e+04   -4.94235e+05    1.47654e+03
      Potential    Kinetic En.   Total Energy  Conserved En.    Temperature
   -4.26785e+05    7.85019e+04   -3.48283e+05   -3.35965e+05    3.05045e+02
 Pressure (bar)   Constr. rmsd
   -1.80786e+01    0.00000e+00

           Step           Time
          95000      190.00000

   Energies (kJ/mol)
           Bond            U-B    Proper Dih.  Improper Dih.      CMAP Dih.
    1.78679e+03    4.68778e+03    5.13697e+03    3.32512e+02   -4.34250e+02
          LJ-14     Coulomb-14        LJ (SR)   Coulomb (SR)   Coul. recip.
    1.54078e+03    1.31555e+04    3.88218e+04   -4.92724e+05    1.45510e+03
      Potential    Kinetic En.   Total Energy  Conserved En.    Temperature
   -4.26241e+05    7.83989e+04   -3.47843e+05   -3.35946e+05    3.04645e+02
 Pressure (bar)   Constr. rmsd
    1.54011e+02    0.00000e+00

           Step           Time
          96000      192.00000

   Energies (kJ/mol)
           Bond            U-B    Proper Dih.  Improper Dih.      CMAP Dih.
    1.74452e+03    4.77112e+03    5.16944e+03    2.80368e+02   -4.28493e+02
          LJ-14     Coulomb-14        LJ (SR)   Coulomb (SR)   Coul. recip.
    1.49830e+03    1.32011e+04    4.11680e+04   -4.95169e+05    1.44649e+03
      Potential    Kinetic En.   Total Energy  Conserved En.    Temperature
   -4.26318e+05    7.81098e+04   -3.48208e+05   -3.35966e+05    3.03522e+02
 Pressure (bar)   Constr. rmsd
    3.30112e+02    0.00000e+00

           Step           Time
          97000      194.00000

   Energies (kJ/mol)
           Bond            U-B    Proper Dih.  Improper Dih.      CMAP Dih.
    1.85444e+03    4.60072e+03    5.09056e+03    2.79755e+02   -4.20649e+02
          LJ-14     Coulomb-14        LJ (SR)   Coulomb (SR)   Coul. recip.
    1.54359e+03    1.33376e+04    4.00287e+04   -4.93288e+05    1.47242e+03
      Potential    Kinetic En.   Total Energy  Conserved En.    Temperature
   -4.25501e+05    7.73570e+04   -3.48144e+05   -3.36234e+05    3.00596e+02
 Pressure (bar)   Constr. rmsd
    4.53658e+01    0.00000e+00

           Step           Time
          98000      196.00000

   Energies (kJ/mol)
           Bond            U-B    Proper Dih.  Improper Dih.      CMAP Dih.
    1.80566e+03    4.64323e+03    5.11500e+03    3.22949e+02   -4.22526e+02
          LJ-14     Coulomb-14        LJ (SR)   Coulomb (SR)   Coul. recip.
    1.47649e+03    1.32464e+04    3.97883e+04   -4.93265e+05    1.41655e+03
      Potential    Kinetic En.   Total Energy  Conserved En.    Temperature
   -4.25873e+05    7.76776e+04   -3.48195e+05   -3.36245e+05    3.01842e+02
 Pressure (bar)   Constr. rmsd
   -1.07342e+02    0.00000e+00

           Step           Time
          99000      198.00000

   Energies (kJ/mol)
           Bond            U-B    Proper Dih.  Improper Dih.      CMAP Dih.
    1.68756e+03    4.73669e+03    5.11598e+03    2.83055e+02   -4.29111e+02
          LJ-14     Coulomb-14        LJ (SR)   Coulomb (SR)   Coul. recip.
    1.57151e+03    1.32773e+04    4.00110e+04   -4.93274e+05    1.47694e+03
      Potential    Kinetic En.   Total Energy  Conserved En.    Temperature
   -4.25543e+05    7.79240e+04   -3.47619e+05   -3.36235e+05    3.02800e+02
 Pressure (bar)   Constr. rmsd
    1.39266e+02    0.00000e+00

           Step           Time
         100000      200.00000

   Energies (kJ/mol)
           Bond            U-B    Proper Dih.  Improper Dih.      CMAP Dih.
    1.59057e+03    4.50087e+03    5.15685e+03    2.60123e+02   -4.30184e+02
          LJ-14     Coulomb-14        LJ (SR)   Coulomb (SR)   Coul. recip.
    1.54735e+03    1.34337e+04    3.94330e+04   -4.92984e+05    1.48600e+03
      Potential    Kinetic En.   Total Energy  Conserved En.    Temperature
   -4.26006e+05    7.81910e+04   -3.47815e+05   -3.36126e+05    3.03837e+02
 Pressure (bar)   Constr. rmsd
   -2.20396e+01    0.00000e+00

           Step           Time
         101000      202.00000

   Energies (kJ/mol)
           Bond            U-B    Proper Dih.  Improper Dih.      CMAP Dih.
    1.63095e+03    4.75741e+03    5.12651e+03    2.90221e+02   -4.65839e+02
          LJ-14     Coulomb-14        LJ (SR)   Coulomb (SR)   Coul. recip.
    1.54325e+03    1.33931e+04    3.92173e+04   -4.91480e+05    1.45541e+03
      Potential    Kinetic En.   Total Energy  Conserved En.    Temperature
   -4.24532e+05    7.80836e+04   -3.46448e+05   -3.36159e+05    3.03420e+02
 Pressure (bar)   Constr. rmsd
   -9.18029e+00    0.00000e+00

           Step           Time
         102000      204.00000

   Energies (kJ/mol)
           Bond            U-B    Proper Dih.  Improper Dih.      CMAP Dih.
    1.72092e+03    4.80229e+03    5.24055e+03    3.32227e+02   -4.48106e+02
          LJ-14     Coulomb-14        LJ (SR)   Coulomb (SR)   Coul. recip.
    1.51045e+03    1.31276e+04    3.99891e+04   -4.91254e+05    1.55028e+03
      Potential    Kinetic En.   Total Energy  Conserved En.    Temperature
   -4.23429e+05    7.79746e+04   -3.45454e+05   -3.36165e+05    3.02996e+02
 Pressure (bar)   Constr. rmsd
    2.41073e+02    0.00000e+00

           Step           Time
         103000      206.00000

   Energies (kJ/mol)
           Bond            U-B    Proper Dih.  Improper Dih.      CMAP Dih.
    1.67892e+03    4.85110e+03    5.12399e+03    2.88616e+02   -4.78973e+02
          LJ-14     Coulomb-14        LJ (SR)   Coulomb (SR)   Coul. recip.
    1.61184e+03    1.33081e+04    3.95353e+04   -4.91543e+05    1.50059e+03
      Potential    Kinetic En.   Total Energy  Conserved En.    Temperature
   -4.24124e+05    7.88346e+04   -3.45289e+05   -3.36287e+05    3.06338e+02
 Pressure (bar)   Constr. rmsd
    2.07519e+02    0.00000e+00

           Step           Time
         104000      208.00000

   Energies (kJ/mol)
           Bond            U-B    Proper Dih.  Improper Dih.      CMAP Dih.
    1.79459e+03    4.67873e+03    5.20667e+03    2.77971e+02   -4.15051e+02
          LJ-14     Coulomb-14        LJ (SR)   Coulomb (SR)   Coul. recip.
    1.46759e+03    1.32344e+04    3.92465e+04   -4.92226e+05    1.45562e+03
      Potential    Kinetic En.   Total Energy  Conserved En.    Temperature
   -4.25279e+05    7.81419e+04   -3.47137e+05   -3.36044e+05    3.03646e+02
 Pressure (bar)   Constr. rmsd
    6.75329e+00    0.00000e+00

           Step           Time
         105000      210.00000

   Energies (kJ/mol)
           Bond            U-B    Proper Dih.  Improper Dih.      CMAP Dih.
    1.83485e+03    4.61640e+03    5.11142e+03    2.93191e+02   -4.02146e+02
          LJ-14     Coulomb-14        LJ (SR)   Coulomb (SR)   Coul. recip.
    1.53371e+03    1.32234e+04    3.95219e+04   -4.92654e+05    1.53250e+03
      Potential    Kinetic En.   Total Energy  Conserved En.    Temperature
   -4.25389e+05    7.81105e+04   -3.47279e+05   -3.36103e+05    3.03524e+02
 Pressure (bar)   Constr. rmsd
   -5.09289e+01    0.00000e+00

           Step           Time
         106000      212.00000

   Energies (kJ/mol)
           Bond            U-B    Proper Dih.  Improper Dih.      CMAP Dih.
    1.65293e+03    4.69254e+03    5.19205e+03    3.08680e+02   -4.63651e+02
          LJ-14     Coulomb-14        LJ (SR)   Coulomb (SR)   Coul. recip.
    1.45748e+03    1.34810e+04    3.73170e+04   -4.90732e+05    1.53641e+03
      Potential    Kinetic En.   Total Energy  Conserved En.    Temperature
   -4.25558e+05    7.86672e+04   -3.46890e+05   -3.36200e+05    3.05687e+02
 Pressure (bar)   Constr. rmsd
   -3.89807e+02    0.00000e+00

           Step           Time
         107000      214.00000

   Energies (kJ/mol)
           Bond            U-B    Proper Dih.  Improper Dih.      CMAP Dih.
    1.74573e+03    4.76524e+03    5.14095e+03    3.29095e+02   -4.00383e+02
          LJ-14     Coulomb-14        LJ (SR)   Coulomb (SR)   Coul. recip.
    1.42281e+03    1.31598e+04    3.97205e+04   -4.92757e+05    1.47014e+03
      Potential    Kinetic En.   Total Energy  Conserved En.    Temperature
   -4.25403e+05    7.81769e+04   -3.47226e+05   -3.36313e+05    3.03782e+02
 Pressure (bar)   Constr. rmsd
   -6.29980e+01    0.00000e+00

           Step           Time
         108000      216.00000

   Energies (kJ/mol)
           Bond            U-B    Proper Dih.  Improper Dih.      CMAP Dih.
    1.85024e+03    4.35578e+03    5.10221e+03    2.43464e+02   -4.13130e+02
          LJ-14     Coulomb-14        LJ (SR)   Coulomb (SR)   Coul. recip.
    1.47436e+03    1.34676e+04    3.83544e+04   -4.91006e+05    1.42699e+03
      Potential    Kinetic En.   Total Energy  Conserved En.    Temperature
   -4.25144e+05    7.76937e+04   -3.47450e+05   -3.36426e+05    3.01905e+02
 Pressure (bar)   Constr. rmsd
   -3.89708e+02    0.00000e+00

           Step           Time
         109000      218.00000

   Energies (kJ/mol)
           Bond            U-B    Proper Dih.  Improper Dih.      CMAP Dih.
    1.74589e+03    4.65992e+03    5.09666e+03    3.18630e+02   -4.37733e+02
          LJ-14     Coulomb-14        LJ (SR)   Coulomb (SR)   Coul. recip.
    1.49217e+03    1.34818e+04    3.92315e+04   -4.91499e+05    1.46611e+03
      Potential    Kinetic En.   Total Energy  Conserved En.    Temperature
   -4.24444e+05    7.77060e+04   -3.46738e+05   -3.36442e+05    3.01953e+02
 Pressure (bar)   Constr. rmsd
   -1.23707e+02    0.00000e+00

           Step           Time
         110000      220.00000

   Energies (kJ/mol)
           Bond            U-B    Proper Dih.  Improper Dih.      CMAP Dih.
    1.83154e+03    4.68780e+03    4.99458e+03    2.92295e+02   -3.90725e+02
          LJ-14     Coulomb-14        LJ (SR)   Coulomb (SR)   Coul. recip.
    1.50900e+03    1.33885e+04    3.94645e+04   -4.91696e+05    1.51302e+03
      Potential    Kinetic En.   Total Energy  Conserved En.    Temperature
   -4.24405e+05    7.93162e+04   -3.45089e+05   -3.36362e+05    3.08209e+02
 Pressure (bar)   Constr. rmsd
    1.32949e+02    0.00000e+00

           Step           Time
         111000      222.00000

   Energies (kJ/mol)
           Bond            U-B    Proper Dih.  Improper Dih.      CMAP Dih.
    1.62923e+03    4.64693e+03    4.99814e+03    3.25123e+02   -3.76887e+02
          LJ-14     Coulomb-14        LJ (SR)   Coulomb (SR)   Coul. recip.
    1.49954e+03    1.29955e+04    3.84030e+04   -4.91443e+05    1.46373e+03
      Potential    Kinetic En.   Total Energy  Conserved En.    Temperature
   -4.25859e+05    7.77156e+04   -3.48143e+05   -3.36464e+05    3.01990e+02
 Pressure (bar)   Constr. rmsd
   -3.12172e+02    0.00000e+00

           Step           Time
         112000      224.00000

   Energies (kJ/mol)
           Bond            U-B    Proper Dih.  Improper Dih.      CMAP Dih.
    1.73679e+03    4.64314e+03    5.10254e+03    3.08644e+02   -4.25483e+02
          LJ-14     Coulomb-14        LJ (SR)   Coulomb (SR)   Coul. recip.
    1.56597e+03    1.32647e+04    3.99345e+04   -4.94079e+05    1.47247e+03
      Potential    Kinetic En.   Total Energy  Conserved En.    Temperature
   -4.26476e+05    7.75159e+04   -3.48960e+05   -3.36354e+05    3.01214e+02
 Pressure (bar)   Constr. rmsd
    1.02294e+02    0.00000e+00

           Step           Time
         113000      226.00000

   Energies (kJ/mol)
           Bond            U-B    Proper Dih.  Improper Dih.      CMAP Dih.
    1.79901e+03    4.71537e+03    5.05347e+03    3.01692e+02   -4.09403e+02
          LJ-14     Coulomb-14        LJ (SR)   Coulomb (SR)   Coul. recip.
    1.41874e+03    1.31825e+04    3.87743e+04   -4.92318e+05    1.45581e+03
      Potential    Kinetic En.   Total Energy  Conserved En.    Temperature
   -4.26026e+05    7.85638e+04   -3.47462e+05   -3.36483e+05    3.05286e+02
 Pressure (bar)   Constr. rmsd
   -4.28235e+02    0.00000e+00

           Step           Time
         114000      228.00000

   Energies (kJ/mol)
           Bond            U-B    Proper Dih.  Improper Dih.      CMAP Dih.
    1.78693e+03    4.64479e+03    5.11210e+03    3.16120e+02   -4.00702e+02
          LJ-14     Coulomb-14        LJ (SR)   Coulomb (SR)   Coul. recip.
    1.51283e+03    1.32523e+04    3.85187e+04   -4.90931e+05    1.51632e+03
      Potential    Kinetic En.   Total Energy  Conserved En.    Temperature
   -4.24672e+05    7.83630e+04   -3.46309e+05   -3.36517e+05    3.04506e+02
 Pressure (bar)   Constr. rmsd
   -1.50643e+02    0.00000e+00

           Step           Time
         115000      230.00000

   Energies (kJ/mol)
           Bond            U-B    Proper Dih.  Improper Dih.      CMAP Dih.
    1.66863e+03    4.66576e+03    5.00395e+03    3.08156e+02   -4.10964e+02
          LJ-14     Coulomb-14        LJ (SR)   Coulomb (SR)   Coul. recip.
    1.55682e+03    1.33794e+04    3.89482e+04   -4.91719e+05    1.47957e+03
      Potential    Kinetic En.   Total Energy  Conserved En.    Temperature
   -4.25119e+05    7.77369e+04   -3.47382e+05   -3.36511e+05    3.02073e+02
 Pressure (bar)   Constr. rmsd
   -9.29184e+01    0.00000e+00

           Step           Time
         116000      232.00000

   Energies (kJ/mol)
           Bond            U-B    Proper Dih.  Improper Dih.      CMAP Dih.
    1.68019e+03    4.67874e+03    5.14402e+03    3.28073e+02   -4.30590e+02
          LJ-14     Coulomb-14        LJ (SR)   Coulomb (SR)   Coul. recip.
    1.46401e+03    1.32526e+04    3.99701e+04   -4.93923e+05    1.43751e+03
      Potential    Kinetic En.   Total Energy  Conserved En.    Temperature
   -4.26398e+05    7.77188e+04   -3.48679e+05   -3.36571e+05    3.02002e+02
 Pressure (bar)   Constr. rmsd
   -9.46009e+01    0.00000e+00

           Step           Time
         117000      234.00000

   Energies (kJ/mol)
           Bond            U-B    Proper Dih.  Improper Dih.      CMAP Dih.
    1.74618e+03    4.53869e+03    5.10345e+03    2.82379e+02   -3.77952e+02
          LJ-14     Coulomb-14        LJ (SR)   Coulomb (SR)   Coul. recip.
    1.49397e+03    1.33329e+04    3.93944e+04   -4.94212e+05    1.51558e+03
      Potential    Kinetic En.   Total Energy  Conserved En.    Temperature
   -4.27182e+05    7.76746e+04   -3.49508e+05   -3.36673e+05    3.01830e+02
 Pressure (bar)   Constr. rmsd
   -2.76710e+02    0.00000e+00

           Step           Time
         118000      236.00000

   Energies (kJ/mol)
           Bond            U-B    Proper Dih.  Improper Dih.      CMAP Dih.
    1.80050e+03    4.63606e+03    5.09023e+03    3.29715e+02   -4.13965e+02
          LJ-14     Coulomb-14        LJ (SR)   Coulomb (SR)   Coul. recip.
    1.44845e+03    1.30492e+04    3.93078e+04   -4.94189e+05    1.55298e+03
      Potential    Kinetic En.   Total Energy  Conserved En.    Temperature
   -4.27388e+05    7.72781e+04   -3.50110e+05   -3.36453e+05    3.00290e+02
 Pressure (bar)   Constr. rmsd
   -3.16637e+02    0.00000e+00

           Step           Time
         119000      238.00000

   Energies (kJ/mol)
           Bond            U-B    Proper Dih.  Improper Dih.      CMAP Dih.
    1.71570e+03    4.40630e+03    5.14148e+03    3.25007e+02   -4.55359e+02
          LJ-14     Coulomb-14        LJ (SR)   Coulomb (SR)   Coul. recip.
    1.51016e+03    1.32679e+04    3.89109e+04   -4.93226e+05    1.51579e+03
      Potential    Kinetic En.   Total Energy  Conserved En.    Temperature
   -4.26888e+05    7.80254e+04   -3.48863e+05   -3.36567e+05    3.03194e+02
 Pressure (bar)   Constr. rmsd
   -2.29744e+02    0.00000e+00

           Step           Time
         120000      240.00000

   Energies (kJ/mol)
           Bond            U-B    Proper Dih.  Improper Dih.      CMAP Dih.
    1.71217e+03    4.64667e+03    5.09875e+03    2.79694e+02   -4.27747e+02
          LJ-14     Coulomb-14        LJ (SR)   Coulomb (SR)   Coul. recip.
    1.47945e+03    1.32659e+04    3.95622e+04   -4.92543e+05    1.47884e+03
      Potential    Kinetic En.   Total Energy  Conserved En.    Temperature
   -4.25447e+05    7.80099e+04   -3.47437e+05   -3.36400e+05    3.03133e+02
 Pressure (bar)   Constr. rmsd
    8.67885e+01    0.00000e+00

           Step           Time
         121000      242.00000

   Energies (kJ/mol)
           Bond            U-B    Proper Dih.  Improper Dih.      CMAP Dih.
    1.86384e+03    4.81243e+03    5.11762e+03    2.85624e+02   -4.48220e+02
          LJ-14     Coulomb-14        LJ (SR)   Coulomb (SR)   Coul. recip.
    1.51090e+03    1.30894e+04    3.89424e+04   -4.92106e+05    1.46135e+03
      Potential    Kinetic En.   Total Energy  Conserved En.    Temperature
   -4.25470e+05    7.82745e+04   -3.47196e+05   -3.36233e+05    3.04162e+02
 Pressure (bar)   Constr. rmsd
   -4.00283e+00    0.00000e+00

           Step           Time
         122000      244.00000

   Energies (kJ/mol)
           Bond            U-B    Proper Dih.  Improper Dih.      CMAP Dih.
    1.66461e+03    4.57834e+03    5.18604e+03    2.82318e+02   -4.53800e+02
          LJ-14     Coulomb-14        LJ (SR)   Coulomb (SR)   Coul. recip.
    1.50291e+03    1.32884e+04    3.86977e+04   -4.91791e+05    1.45988e+03
      Potential    Kinetic En.   Total Energy  Conserved En.    Temperature
   -4.25585e+05    7.78303e+04   -3.47754e+05   -3.36194e+05    3.02436e+02
 Pressure (bar)   Constr. rmsd
    1.29065e+02    0.00000e+00

           Step           Time
         123000      246.00000

   Energies (kJ/mol)
           Bond            U-B    Proper Dih.  Improper Dih.      CMAP Dih.
    1.77148e+03    4.68887e+03    5.12388e+03    2.78343e+02   -4.22082e+02
          LJ-14     Coulomb-14        LJ (SR)   Coulomb (SR)   Coul. recip.
    1.48312e+03    1.32744e+04    3.93228e+04   -4.92512e+05    1.52443e+03
      Potential    Kinetic En.   Total Energy  Conserved En.    Temperature
   -4.25467e+05    7.76249e+04   -3.47842e+05   -3.36411e+05    3.01637e+02
 Pressure (bar)   Constr. rmsd
    9.91121e+00    0.00000e+00

           Step           Time
         124000      248.00000

   Energies (kJ/mol)
           Bond            U-B    Proper Dih.  Improper Dih.      CMAP Dih.
    1.69867e+03    4.50313e+03    5.08689e+03    2.59271e+02   -4.19115e+02
          LJ-14     Coulomb-14        LJ (SR)   Coulomb (SR)   Coul. recip.
    1.49050e+03    1.34634e+04    3.91679e+04   -4.93454e+05    1.52666e+03
      Potential    Kinetic En.   Total Energy  Conserved En.    Temperature
   -4.26677e+05    7.89442e+04   -3.47732e+05   -3.36368e+05    3.06764e+02
 Pressure (bar)   Constr. rmsd
    4.66762e+01    0.00000e+00

           Step           Time
         125000      250.00000

   Energies (kJ/mol)
           Bond            U-B    Proper Dih.  Improper Dih.      CMAP Dih.
    1.77235e+03    4.55148e+03    5.06758e+03    2.97789e+02   -4.27817e+02
          LJ-14     Coulomb-14        LJ (SR)   Coulomb (SR)   Coul. recip.
    1.51647e+03    1.33112e+04    3.92675e+04   -4.92816e+05    1.51297e+03
      Potential    Kinetic En.   Total Energy  Conserved En.    Temperature
   -4.25946e+05    7.77823e+04   -3.48164e+05   -3.36471e+05    3.02249e+02
 Pressure (bar)   Constr. rmsd
   -1.90812e+01    0.00000e+00

           Step           Time
         126000      252.00000

   Energies (kJ/mol)
           Bond            U-B    Proper Dih.  Improper Dih.      CMAP Dih.
    1.74259e+03    4.65325e+03    5.16622e+03    3.17513e+02   -4.14286e+02
          LJ-14     Coulomb-14        LJ (SR)   Coulomb (SR)   Coul. recip.
    1.49546e+03    1.31380e+04    3.85211e+04   -4.91691e+05    1.39875e+03
      Potential    Kinetic En.   Total Energy  Conserved En.    Temperature
   -4.25672e+05    7.78232e+04   -3.47849e+05   -3.36405e+05    3.02408e+02
 Pressure (bar)   Constr. rmsd
   -1.88308e+02    0.00000e+00

           Step           Time
         127000      254.00000

   Energies (kJ/mol)
           Bond            U-B    Proper Dih.  Improper Dih.      CMAP Dih.
    1.70636e+03    4.58851e+03    5.15316e+03    3.03781e+02   -4.55955e+02
          LJ-14     Coulomb-14        LJ (SR)   Coulomb (SR)   Coul. recip.
    1.54544e+03    1.31972e+04    3.93870e+04   -4.92926e+05    1.54276e+03
      Potential    Kinetic En.   Total Energy  Conserved En.    Temperature
   -4.25958e+05    7.77796e+04   -3.48178e+05   -3.36349e+05    3.02239e+02
 Pressure (bar)   Constr. rmsd
    7.79787e+01    0.00000e+00

           Step           Time
         128000      256.00000

   Energies (kJ/mol)
           Bond            U-B    Proper Dih.  Improper Dih.      CMAP Dih.
    1.82155e+03    4.58375e+03    5.09811e+03    2.90058e+02   -4.31998e+02
          LJ-14     Coulomb-14        LJ (SR)   Coulomb (SR)   Coul. recip.
    1.51106e+03    1.30172e+04    3.96818e+04   -4.93244e+05    1.46161e+03
      Potential    Kinetic En.   Total Energy  Conserved En.    Temperature
   -4.26211e+05    7.74448e+04   -3.48766e+05   -3.36352e+05    3.00938e+02
 Pressure (bar)   Constr. rmsd
    2.12953e+01    0.00000e+00

           Step           Time
         129000      258.00000

   Energies (kJ/mol)
           Bond            U-B    Proper Dih.  Improper Dih.      CMAP Dih.
    1.76653e+03    4.68400e+03    5.06249e+03    2.55215e+02   -4.51771e+02
          LJ-14     Coulomb-14        LJ (SR)   Coulomb (SR)   Coul. recip.
    1.49779e+03    1.31994e+04    3.88148e+04   -4.92834e+05    1.49821e+03
      Potential    Kinetic En.   Total Energy  Conserved En.    Temperature
   -4.26507e+05    7.78434e+04   -3.48664e+05   -3.36364e+05    3.02487e+02
 Pressure (bar)   Constr. rmsd
   -2.48674e+02    0.00000e+00

           Step           Time
         130000      260.00000

   Energies (kJ/mol)
           Bond            U-B    Proper Dih.  Improper Dih.      CMAP Dih.
    1.74175e+03    4.69721e+03    5.08308e+03    2.63246e+02   -3.91020e+02
          LJ-14     Coulomb-14        LJ (SR)   Coulomb (SR)   Coul. recip.
    1.49512e+03    1.32350e+04    4.03441e+04   -4.94736e+05    1.47298e+03
      Potential    Kinetic En.   Total Energy  Conserved En.    Temperature
   -4.26794e+05    7.78099e+04   -3.48984e+05   -3.36348e+05    3.02356e+02
 Pressure (bar)   Constr. rmsd
    6.69481e+01    0.00000e+00

           Step           Time
         131000      262.00000

   Energies (kJ/mol)
           Bond            U-B    Proper Dih.  Improper Dih.      CMAP Dih.
    1.75438e+03    4.69347e+03    5.13054e+03    2.70461e+02   -4.49258e+02
          LJ-14     Coulomb-14        LJ (SR)   Coulomb (SR)   Coul. recip.
    1.48920e+03    1.34274e+04    3.91840e+04   -4.92986e+05    1.50872e+03
      Potential    Kinetic En.   Total Energy  Conserved En.    Temperature
   -4.25977e+05    7.81938e+04   -3.47784e+05   -3.36269e+05    3.03848e+02
 Pressure (bar)   Constr. rmsd
    3.32067e+01    0.00000e+00

           Step           Time
         132000      264.00000

   Energies (kJ/mol)
           Bond            U-B    Proper Dih.  Improper Dih.      CMAP Dih.
    1.67313e+03    4.73661e+03    5.13806e+03    2.69315e+02   -4.55861e+02
          LJ-14     Coulomb-14        LJ (SR)   Coulomb (SR)   Coul. recip.
    1.53566e+03    1.32075e+04    3.99338e+04   -4.94256e+05    1.44993e+03
      Potential    Kinetic En.   Total Energy  Conserved En.    Temperature
   -4.26768e+05    7.76101e+04   -3.49158e+05   -3.36076e+05    3.01580e+02
 Pressure (bar)   Constr. rmsd
    2.15903e+02    0.00000e+00

           Step           Time
         133000      266.00000

   Energies (kJ/mol)
           Bond            U-B    Proper Dih.  Improper Dih.      CMAP Dih.
    1.68150e+03    4.76993e+03    5.11603e+03    2.91110e+02   -4.14317e+02
          LJ-14     Coulomb-14        LJ (SR)   Coulomb (SR)   Coul. recip.
    1.52152e+03    1.34970e+04    4.00581e+04   -4.93732e+05    1.51614e+03
      Potential    Kinetic En.   Total Energy  Conserved En.    Temperature
   -4.25695e+05    7.79872e+04   -3.47708e+05   -3.36237e+05    3.03045e+02
 Pressure (bar)   Constr. rmsd
    2.25792e+02    0.00000e+00

           Step           Time
         134000      268.00000

   Energies (kJ/mol)
           Bond            U-B    Proper Dih.  Improper Dih.      CMAP Dih.
    1.75470e+03    4.76912e+03    5.09182e+03    3.07383e+02   -4.46133e+02
          LJ-14     Coulomb-14        LJ (SR)   Coulomb (SR)   Coul. recip.
    1.54820e+03    1.31945e+04    4.07066e+04   -4.94571e+05    1.51186e+03
      Potential    Kinetic En.   Total Energy  Conserved En.    Temperature
   -4.26133e+05    7.85949e+04   -3.47538e+05   -3.36469e+05    3.05407e+02
 Pressure (bar)   Constr. rmsd
    3.76732e+02    0.00000e+00

           Step           Time
         135000      270.00000

   Energies (kJ/mol)
           Bond            U-B    Proper Dih.  Improper Dih.      CMAP Dih.
    1.63696e+03    4.50166e+03    5.12745e+03    2.99215e+02   -4.05862e+02
          LJ-14     Coulomb-14        LJ (SR)   Coulomb (SR)   Coul. recip.
    1.53367e+03    1.36680e+04    3.94564e+04   -4.93154e+05    1.44246e+03
      Potential    Kinetic En.   Total Energy  Conserved En.    Temperature
   -4.25894e+05    7.80296e+04   -3.47865e+05   -3.36500e+05    3.03210e+02
 Pressure (bar)   Constr. rmsd
    1.99791e+02    0.00000e+00

           Step           Time
         136000      272.00000

   Energies (kJ/mol)
           Bond            U-B    Proper Dih.  Improper Dih.      CMAP Dih.
    1.79591e+03    4.74783e+03    5.12159e+03    2.90188e+02   -4.09013e+02
          LJ-14     Coulomb-14        LJ (SR)   Coulomb (SR)   Coul. recip.
    1.45222e+03    1.32718e+04    3.93714e+04   -4.92866e+05    1.47771e+03
      Potential    Kinetic En.   Total Energy  Conserved En.    Temperature
   -4.25746e+05    7.81112e+04   -3.47635e+05   -3.36537e+05    3.03527e+02
 Pressure (bar)   Constr. rmsd
   -1.51760e+01    0.00000e+00

           Step           Time
         137000      274.00000

   Energies (kJ/mol)
           Bond            U-B    Proper Dih.  Improper Dih.      CMAP Dih.
    1.71696e+03    4.60877e+03    5.21913e+03    3.24230e+02   -4.56701e+02
          LJ-14     Coulomb-14        LJ (SR)   Coulomb (SR)   Coul. recip.
    1.52022e+03    1.32489e+04    4.03083e+04   -4.94318e+05    1.47949e+03
      Potential    Kinetic En.   Total Energy  Conserved En.    Temperature
   -4.26349e+05    7.87821e+04   -3.47567e+05   -3.36687e+05    3.06134e+02
 Pressure (bar)   Constr. rmsd
    2.87461e+02    0.00000e+00

           Step           Time
         138000      276.00000

   Energies (kJ/mol)
           Bond            U-B    Proper Dih.  Improper Dih.      CMAP Dih.
    1.74325e+03    4.70319e+03    5.07243e+03    3.05471e+02   -3.78939e+02
          LJ-14     Coulomb-14        LJ (SR)   Coulomb (SR)   Coul. recip.
    1.52807e+03    1.32679e+04    3.96069e+04   -4.92573e+05    1.48982e+03
      Potential    Kinetic En.   Total Energy  Conserved En.    Temperature
   -4.25235e+05    7.88553e+04   -3.46379e+05   -3.36588e+05    3.06418e+02
 Pressure (bar)   Constr. rmsd
    5.35607e+01    0.00000e+00

           Step           Time
         139000      278.00000

   Energies (kJ/mol)
           Bond            U-B    Proper Dih.  Improper Dih.      CMAP Dih.
    1.76321e+03    4.62577e+03    5.13000e+03    3.40110e+02   -4.68081e+02
          LJ-14     Coulomb-14        LJ (SR)   Coulomb (SR)   Coul. recip.
    1.53615e+03    1.32367e+04    3.80888e+04   -4.91826e+05    1.49808e+03
      Potential    Kinetic En.   Total Energy  Conserved En.    Temperature
   -4.26075e+05    7.90136e+04   -3.47061e+05   -3.36462e+05    3.07033e+02
 Pressure (bar)   Constr. rmsd
   -2.34135e+02    0.00000e+00

           Step           Time
         140000      280.00000

   Energies (kJ/mol)
           Bond            U-B    Proper Dih.  Improper Dih.      CMAP Dih.
    1.70895e+03    4.60425e+03    5.13853e+03    2.89525e+02   -4.13863e+02
          LJ-14     Coulomb-14        LJ (SR)   Coulomb (SR)   Coul. recip.
    1.49876e+03    1.31386e+04    3.83575e+04   -4.91267e+05    1.48747e+03
      Potential    Kinetic En.   Total Energy  Conserved En.    Temperature
   -4.25458e+05    7.83810e+04   -3.47077e+05   -3.36587e+05    3.04576e+02
 Pressure (bar)   Constr. rmsd
   -6.26536e+01    0.00000e+00

           Step           Time
         141000      282.00000

   Energies (kJ/mol)
           Bond            U-B    Proper Dih.  Improper Dih.      CMAP Dih.
    1.79446e+03    4.60778e+03    5.13631e+03    2.77057e+02   -4.81809e+02
          LJ-14     Coulomb-14        LJ (SR)   Coulomb (SR)   Coul. recip.
    1.49754e+03    1.33383e+04    3.96491e+04   -4.93524e+05    1.43460e+03
      Potential    Kinetic En.   Total Energy  Conserved En.    Temperature
   -4.26271e+05    7.90104e+04   -3.47260e+05   -3.36584e+05    3.07021e+02
 Pressure (bar)   Constr. rmsd
    1.79486e+02    0.00000e+00

           Step           Time
         142000      284.00000

   Energies (kJ/mol)
           Bond            U-B    Proper Dih.  Improper Dih.      CMAP Dih.
    1.70647e+03    4.69051e+03    5.09984e+03    3.07630e+02   -4.36302e+02
          LJ-14     Coulomb-14        LJ (SR)   Coulomb (SR)   Coul. recip.
    1.47704e+03    1.32604e+04    3.92956e+04   -4.92951e+05    1.44138e+03
      Potential    Kinetic En.   Total Energy  Conserved En.    Temperature
   -4.26108e+05    7.80583e+04   -3.48050e+05   -3.36423e+05    3.03321e+02
 Pressure (bar)   Constr. rmsd
    6.53078e+01    0.00000e+00

           Step           Time
         143000      286.00000

   Energies (kJ/mol)
           Bond            U-B    Proper Dih.  Improper Dih.      CMAP Dih.
    1.72353e+03    4.47908e+03    5.10029e+03    3.00509e+02   -4.33433e+02
          LJ-14     Coulomb-14        LJ (SR)   Coulomb (SR)   Coul. recip.
    1.50535e+03    1.34741e+04    3.89585e+04   -4.93531e+05    1.44186e+03
      Potential    Kinetic En.   Total Energy  Conserved En.    Temperature
   -4.26981e+05    7.79135e+04   -3.49067e+05   -3.36387e+05    3.02759e+02
 Pressure (bar)   Constr. rmsd
   -1.94812e+01    0.00000e+00

           Step           Time
         144000      288.00000

   Energies (kJ/mol)
           Bond            U-B    Proper Dih.  Improper Dih.      CMAP Dih.
    1.84850e+03    4.50116e+03    5.21311e+03    3.29512e+02   -4.05395e+02
          LJ-14     Coulomb-14        LJ (SR)   Coulomb (SR)   Coul. recip.
    1.46531e+03    1.32870e+04    4.01833e+04   -4.94709e+05    1.52208e+03
      Potential    Kinetic En.   Total Energy  Conserved En.    Temperature
   -4.26765e+05    7.76876e+04   -3.49077e+05   -3.36617e+05    3.01881e+02
 Pressure (bar)   Constr. rmsd
    3.04786e+01    0.00000e+00

           Step           Time
         145000      290.00000

   Energies (kJ/mol)
           Bond            U-B    Proper Dih.  Improper Dih.      CMAP Dih.
    1.76145e+03    4.56511e+03    5.04682e+03    3.48979e+02   -4.42522e+02
          LJ-14     Coulomb-14        LJ (SR)   Coulomb (SR)   Coul. recip.
    1.53901e+03    1.32933e+04    3.94589e+04   -4.93119e+05    1.49961e+03
      Potential    Kinetic En.   Total Energy  Conserved En.    Temperature
   -4.26049e+05    7.77733e+04   -3.48275e+05   -3.36693e+05    3.02214e+02
 Pressure (bar)   Constr. rmsd
    2.58733e+01    0.00000e+00

           Step           Time
         146000      292.00000

   Energies (kJ/mol)
           Bond            U-B    Proper Dih.  Improper Dih.      CMAP Dih.
    1.78576e+03    4.70108e+03    5.10334e+03    3.01091e+02   -4.36102e+02
          LJ-14     Coulomb-14        LJ (SR)   Coulomb (SR)   Coul. recip.
    1.58366e+03    1.34837e+04    3.91986e+04   -4.93091e+05    1.55226e+03
      Potential    Kinetic En.   Total Energy  Conserved En.    Temperature
   -4.25817e+05    7.74062e+04   -3.48411e+05   -3.36548e+05    3.00788e+02
 Pressure (bar)   Constr. rmsd
    1.39931e+02    0.00000e+00

           Step           Time
         147000      294.00000

   Energies (kJ/mol)
           Bond            U-B    Proper Dih.  Improper Dih.      CMAP Dih.
    1.85627e+03    4.58708e+03    5.21114e+03    2.86189e+02   -4.59009e+02
          LJ-14     Coulomb-14        LJ (SR)   Coulomb (SR)   Coul. recip.
    1.47032e+03    1.31509e+04    3.98462e+04   -4.94005e+05    1.43323e+03
      Potential    Kinetic En.   Total Energy  Conserved En.    Temperature
   -4.26623e+05    7.86770e+04   -3.47946e+05   -3.36503e+05    3.05726e+02
 Pressure (bar)   Constr. rmsd
    5.55099e+01    0.00000e+00

           Step           Time
         148000      296.00000

   Energies (kJ/mol)
           Bond            U-B    Proper Dih.  Improper Dih.      CMAP Dih.
    1.82477e+03    4.63880e+03    5.11573e+03    2.80912e+02   -4.67511e+02
          LJ-14     Coulomb-14        LJ (SR)   Coulomb (SR)   Coul. recip.
    1.51364e+03    1.34333e+04    3.93598e+04   -4.92967e+05    1.52104e+03
      Potential    Kinetic En.   Total Energy  Conserved En.    Temperature
   -4.25747e+05    7.81982e+04   -3.47549e+05   -3.36502e+05    3.03865e+02
 Pressure (bar)   Constr. rmsd
    7.64102e+01    0.00000e+00

           Step           Time
         149000      298.00000

   Energies (kJ/mol)
           Bond            U-B    Proper Dih.  Improper Dih.      CMAP Dih.
    1.65212e+03    4.78870e+03    5.16191e+03    2.89868e+02   -4.49844e+02
          LJ-14     Coulomb-14        LJ (SR)   Coulomb (SR)   Coul. recip.
    1.51779e+03    1.33024e+04    3.95702e+04   -4.93479e+05    1.47022e+03
      Potential    Kinetic En.   Total Energy  Conserved En.    Temperature
   -4.26176e+05    7.80836e+04   -3.48092e+05   -3.36498e+05    3.03420e+02
 Pressure (bar)   Constr. rmsd
    2.13343e+02    0.00000e+00

           Step           Time
         150000      300.00000

   Energies (kJ/mol)
           Bond            U-B    Proper Dih.  Improper Dih.      CMAP Dih.
    1.69191e+03    4.55707e+03    5.11336e+03    2.58305e+02   -4.48823e+02
          LJ-14     Coulomb-14        LJ (SR)   Coulomb (SR)   Coul. recip.
    1.56798e+03    1.35950e+04    4.02259e+04   -4.93683e+05    1.48548e+03
      Potential    Kinetic En.   Total Energy  Conserved En.    Temperature
   -4.25636e+05    7.78467e+04   -3.47790e+05   -3.36597e+05    3.02499e+02
 Pressure (bar)   Constr. rmsd
    2.55530e+02    0.00000e+00

           Step           Time
         151000      302.00000

   Energies (kJ/mol)
           Bond            U-B    Proper Dih.  Improper Dih.      CMAP Dih.
    1.71880e+03    4.65166e+03    5.14553e+03    2.47247e+02   -4.73298e+02
          LJ-14     Coulomb-14        LJ (SR)   Coulomb (SR)   Coul. recip.
    1.46178e+03    1.32351e+04    3.90953e+04   -4.93285e+05    1.49601e+03
      Potential    Kinetic En.   Total Energy  Conserved En.    Temperature
   -4.26707e+05    7.80634e+04   -3.48644e+05   -3.36643e+05    3.03341e+02
 Pressure (bar)   Constr. rmsd
   -1.04067e+02    0.00000e+00

           Step           Time
         152000      304.00000

   Energies (kJ/mol)
           Bond            U-B    Proper Dih.  Improper Dih.      CMAP Dih.
    1.63055e+03    4.78836e+03    5.09348e+03    2.90335e+02   -4.02139e+02
          LJ-14     Coulomb-14        LJ (SR)   Coulomb (SR)   Coul. recip.
    1.52307e+03    1.32824e+04    3.92198e+04   -4.92750e+05    1.50319e+03
      Potential    Kinetic En.   Total Energy  Conserved En.    Temperature
   -4.25821e+05    7.80462e+04   -3.47774e+05   -3.36698e+05    3.03275e+02
 Pressure (bar)   Constr. rmsd
   -3.23124e+01    0.00000e+00

           Step           Time
         153000      306.00000

   Energies (kJ/mol)
           Bond            U-B    Proper Dih.  Improper Dih.      CMAP Dih.
    1.75307e+03    4.79556e+03    5.03885e+03    2.70016e+02   -4.14455e+02
          LJ-14     Coulomb-14        LJ (SR)   Coulomb (SR)   Coul. recip.
    1.46554e+03    1.33491e+04    3.98863e+04   -4.93646e+05    1.51639e+03
      Potential    Kinetic En.   Total Energy  Conserved En.    Temperature
   -4.25986e+05    7.89392e+04   -3.47047e+05   -3.36812e+05    3.06745e+02
 Pressure (bar)   Constr. rmsd
   -1.29218e+00    0.00000e+00

           Step           Time
         154000      308.00000

   Energies (kJ/mol)
           Bond            U-B    Proper Dih.  Improper Dih.      CMAP Dih.
    1.84698e+03    4.59962e+03    5.17847e+03    2.82540e+02   -4.33304e+02
          LJ-14     Coulomb-14        LJ (SR)   Coulomb (SR)   Coul. recip.
    1.43489e+03    1.33334e+04    4.01877e+04   -4.94186e+05    1.46533e+03
      Potential    Kinetic En.   Total Energy  Conserved En.    Temperature
   -4.26290e+05    7.86058e+04   -3.47684e+05   -3.36742e+05    3.05449e+02
 Pressure (bar)   Constr. rmsd
    1.77057e+01    0.00000e+00

           Step           Time
         155000      310.00000

   Energies (kJ/mol)
           Bond            U-B    Proper Dih.  Improper Dih.      CMAP Dih.
    1.82556e+03    4.67802e+03    5.18638e+03    3.18637e+02   -4.69086e+02
          LJ-14     Coulomb-14        LJ (SR)   Coulomb (SR)   Coul. recip.
    1.43182e+03    1.31684e+04    4.01102e+04   -4.93734e+05    1.44625e+03
      Potential    Kinetic En.   Total Energy  Conserved En.    Temperature
   -4.26038e+05    7.88691e+04   -3.47169e+05   -3.36662e+05    3.06472e+02
 Pressure (bar)   Constr. rmsd
    6.85529e+01    0.00000e+00

           Step           Time
         156000      312.00000

   Energies (kJ/mol)
           Bond            U-B    Proper Dih.  Improper Dih.      CMAP Dih.
    1.56723e+03    4.43364e+03    5.16995e+03    2.50638e+02   -4.36966e+02
          LJ-14     Coulomb-14        LJ (SR)   Coulomb (SR)   Coul. recip.
    1.56094e+03    1.34606e+04    3.91569e+04   -4.92276e+05    1.47491e+03
      Potential    Kinetic En.   Total Energy  Conserved En.    Temperature
   -4.25639e+05    7.78880e+04   -3.47751e+05   -3.36665e+05    3.02660e+02
 Pressure (bar)   Constr. rmsd
    1.53811e+02    0.00000e+00

           Step           Time
         157000      314.00000

   Energies (kJ/mol)
           Bond            U-B    Proper Dih.  Improper Dih.      CMAP Dih.
    1.72495e+03    4.71824e+03    5.14146e+03    3.21539e+02   -4.74585e+02
          LJ-14     Coulomb-14        LJ (SR)   Coulomb (SR)   Coul. recip.
    1.54317e+03    1.32326e+04    3.99100e+04   -4.94143e+05    1.49042e+03
      Potential    Kinetic En.   Total Energy  Conserved En.    Temperature
   -4.26535e+05    7.89118e+04   -3.47624e+05   -3.36750e+05    3.06638e+02
 Pressure (bar)   Constr. rmsd
    1.15404e+02    0.00000e+00

           Step           Time
         158000      316.00000

   Energies (kJ/mol)
           Bond            U-B    Proper Dih.  Improper Dih.      CMAP Dih.
    1.66017e+03    4.90364e+03    5.11022e+03    2.88192e+02   -4.22713e+02
          LJ-14     Coulomb-14        LJ (SR)   Coulomb (SR)   Coul. recip.
    1.49981e+03    1.30130e+04    3.90148e+04   -4.91285e+05    1.47990e+03
      Potential    Kinetic En.   Total Energy  Conserved En.    Temperature
   -4.24738e+05    7.78129e+04   -3.46926e+05   -3.36805e+05    3.02368e+02
 Pressure (bar)   Constr. rmsd
    1.75721e+02    0.00000e+00

           Step           Time
         159000      318.00000

   Energies (kJ/mol)
           Bond            U-B    Proper Dih.  Improper Dih.      CMAP Dih.
    1.79970e+03    4.70659e+03    5.08371e+03    3.01503e+02   -4.05752e+02
          LJ-14     Coulomb-14        LJ (SR)   Coulomb (SR)   Coul. recip.
    1.49578e+03    1.31248e+04    3.87782e+04   -4.92234e+05    1.46636e+03
      Potential    Kinetic En.   Total Energy  Conserved En.    Temperature
   -4.25883e+05    7.88046e+04   -3.47078e+05   -3.36661e+05    3.06222e+02
 Pressure (bar)   Constr. rmsd
   -4.92483e+01    0.00000e+00

           Step           Time
         160000      320.00000

   Energies (kJ/mol)
           Bond            U-B    Proper Dih.  Improper Dih.      CMAP Dih.
    1.86190e+03    4.60186e+03    5.03543e+03    2.38700e+02   -4.71948e+02
          LJ-14     Coulomb-14        LJ (SR)   Coulomb (SR)   Coul. recip.
    1.50013e+03    1.33961e+04    3.87247e+04   -4.90573e+05    1.49869e+03
      Potential    Kinetic En.   Total Energy  Conserved En.    Temperature
   -4.24187e+05    7.88867e+04   -3.45301e+05   -3.36875e+05    3.06541e+02
 Pressure (bar)   Constr. rmsd
   -9.39202e+01    0.00000e+00

           Step           Time
         161000      322.00000

   Energies (kJ/mol)
           Bond            U-B    Proper Dih.  Improper Dih.      CMAP Dih.
    1.84008e+03    4.46303e+03    5.09476e+03    2.96114e+02   -4.17538e+02
          LJ-14     Coulomb-14        LJ (SR)   Coulomb (SR)   Coul. recip.
    1.49245e+03    1.32158e+04    3.92290e+04   -4.91972e+05    1.48795e+03
      Potential    Kinetic En.   Total Energy  Conserved En.    Temperature
   -4.25270e+05    7.88937e+04   -3.46376e+05   -3.36904e+05    3.06568e+02
 Pressure (bar)   Constr. rmsd
   -2.82094e+01    0.00000e+00

           Step           Time
         162000      324.00000

   Energies (kJ/mol)
           Bond            U-B    Proper Dih.  Improper Dih.      CMAP Dih.
    1.81036e+03    4.79406e+03    5.07891e+03    2.63211e+02   -4.12627e+02
          LJ-14     Coulomb-14        LJ (SR)   Coulomb (SR)   Coul. recip.
    1.47353e+03    1.32630e+04    3.88959e+04   -4.91677e+05    1.57883e+03
      Potential    Kinetic En.   Total Energy  Conserved En.    Temperature
   -4.24932e+05    7.85069e+04   -3.46425e+05   -3.36741e+05    3.05065e+02
 Pressure (bar)   Constr. rmsd
   -2.62857e+01    0.00000e+00

           Step           Time
         163000      326.00000

   Energies (kJ/mol)
           Bond            U-B    Proper Dih.  Improper Dih.      CMAP Dih.
    1.77395e+03    4.63527e+03    5.12547e+03    2.50697e+02   -4.48116e+02
          LJ-14     Coulomb-14        LJ (SR)   Coulomb (SR)   Coul. recip.
    1.52682e+03    1.34360e+04    3.86428e+04   -4.92353e+05    1.47204e+03
      Potential    Kinetic En.   Total Energy  Conserved En.    Temperature
   -4.25938e+05    7.82684e+04   -3.47669e+05   -3.36914e+05    3.04138e+02
 Pressure (bar)   Constr. rmsd
   -1.23561e+02    0.00000e+00

           Step           Time
         164000      328.00000

   Energies (kJ/mol)
           Bond            U-B    Proper Dih.  Improper Dih.      CMAP Dih.
    1.67361e+03    4.56846e+03    5.02186e+03    3.16767e+02   -4.91971e+02
          LJ-14     Coulomb-14        LJ (SR)   Coulomb (SR)   Coul. recip.
    1.53993e+03    1.34880e+04    3.95944e+04   -4.93553e+05    1.53349e+03
      Potential    Kinetic En.   Total Energy  Conserved En.    Temperature
   -4.26308e+05    7.81666e+04   -3.48141e+05   -3.36912e+05    3.03742e+02
 Pressure (bar)   Constr. rmsd
    7.01047e+01    0.00000e+00

           Step           Time
         165000      330.00000

   Energies (kJ/mol)
           Bond            U-B    Proper Dih.  Improper Dih.      CMAP Dih.
    1.77610e+03    4.52174e+03    5.07331e+03    3.16806e+02   -4.21972e+02
          LJ-14     Coulomb-14        LJ (SR)   Coulomb (SR)   Coul. recip.
    1.49586e+03    1.32484e+04    3.79192e+04   -4.91792e+05    1.51319e+03
      Potential    Kinetic En.   Total Energy  Conserved En.    Temperature
   -4.26349e+05    7.78694e+04   -3.48480e+05   -3.36896e+05    3.02588e+02
 Pressure (bar)   Constr. rmsd
   -2.97035e+02    0.00000e+00

           Step           Time
         166000      332.00000

   Energies (kJ/mol)
           Bond            U-B    Proper Dih.  Improper Dih.      CMAP Dih.
    1.58274e+03    4.60219e+03    5.16877e+03    3.09323e+02   -4.05747e+02
          LJ-14     Coulomb-14        LJ (SR)   Coulomb (SR)   Coul. recip.
    1.54143e+03    1.31301e+04    4.04004e+04   -4.94019e+05    1.46612e+03
      Potential    Kinetic En.   Total Energy  Conserved En.    Temperature
   -4.26223e+05    7.84631e+04   -3.47760e+05   -3.37105e+05    3.04895e+02
 Pressure (bar)   Constr. rmsd
    3.91705e+02    0.00000e+00

           Step           Time
         167000      334.00000

   Energies (kJ/mol)
           Bond            U-B    Proper Dih.  Improper Dih.      CMAP Dih.
    1.68178e+03    4.65438e+03    5.15535e+03    2.74440e+02   -4.19588e+02
          LJ-14     Coulomb-14        LJ (SR)   Coulomb (SR)   Coul. recip.
    1.55773e+03    1.33034e+04    3.97401e+04   -4.93565e+05    1.52257e+03
      Potential    Kinetic En.   Total Energy  Conserved En.    Temperature
   -4.26095e+05    7.78113e+04   -3.48284e+05   -3.37174e+05    3.02362e+02
 Pressure (bar)   Constr. rmsd
    1.18072e+02    0.00000e+00

           Step           Time
         168000      336.00000

   Energies (kJ/mol)
           Bond            U-B    Proper Dih.  Improper Dih.      CMAP Dih.
    1.71631e+03    4.72304e+03    5.11836e+03    2.39474e+02   -4.04426e+02
          LJ-14     Coulomb-14        LJ (SR)   Coulomb (SR)   Coul. recip.
    1.55077e+03    1.33446e+04    3.87240e+04   -4.91836e+05    1.52651e+03
      Potential    Kinetic En.   Total Energy  Conserved En.    Temperature
   -4.25298e+05    7.82172e+04   -3.47081e+05   -3.37024e+05    3.03939e+02
 Pressure (bar)   Constr. rmsd
   -1.74698e+02    0.00000e+00

           Step           Time
         169000      338.00000

   Energies (kJ/mol)
           Bond            U-B    Proper Dih.  Improper Dih.      CMAP Dih.
    1.76224e+03    4.76446e+03    5.13675e+03    3.42724e+02   -4.05903e+02
          LJ-14     Coulomb-14        LJ (SR)   Coulomb (SR)   Coul. recip.
    1.48738e+03    1.32250e+04    3.80344e+04   -4.90069e+05    1.53014e+03
      Potential    Kinetic En.   Total Energy  Conserved En.    Temperature
   -4.24192e+05    7.87819e+04   -3.45410e+05   -3.37259e+05    3.06133e+02
 Pressure (bar)   Constr. rmsd
   -2.69511e+02    0.00000e+00

           Step           Time
         170000      340.00000

   Energies (kJ/mol)
           Bond            U-B    Proper Dih.  Improper Dih.      CMAP Dih.
    1.85057e+03    4.93360e+03    5.07981e+03    2.93279e+02   -4.36484e+02
          LJ-14     Coulomb-14        LJ (SR)   Coulomb (SR)   Coul. recip.
    1.47238e+03    1.30613e+04    3.89560e+04   -4.90739e+05    1.50417e+03
      Potential    Kinetic En.   Total Energy  Conserved En.    Temperature
   -4.24025e+05    7.84751e+04   -3.45550e+05   -3.37247e+05    3.04941e+02
 Pressure (bar)   Constr. rmsd
   -1.76875e+02    0.00000e+00

           Step           Time
         171000      342.00000

   Energies (kJ/mol)
           Bond            U-B    Proper Dih.  Improper Dih.      CMAP Dih.
    1.77774e+03    4.56315e+03    5.10607e+03    2.83526e+02   -4.09634e+02
          LJ-14     Coulomb-14        LJ (SR)   Coulomb (SR)   Coul. recip.
    1.47217e+03    1.32649e+04    3.95172e+04   -4.92259e+05    1.49937e+03
      Potential    Kinetic En.   Total Energy  Conserved En.    Temperature
   -4.25185e+05    7.82933e+04   -3.46891e+05   -3.37228e+05    3.04235e+02
 Pressure (bar)   Constr. rmsd
    7.13261e+01    0.00000e+00

           Step           Time
         172000      344.00000

   Energies (kJ/mol)
           Bond            U-B    Proper Dih.  Improper Dih.      CMAP Dih.
    1.85136e+03    4.74088e+03    5.20780e+03    2.84150e+02   -4.32951e+02
          LJ-14     Coulomb-14        LJ (SR)   Coulomb (SR)   Coul. recip.
    1.45797e+03    1.33298e+04    3.93207e+04   -4.92472e+05    1.51656e+03
      Potential    Kinetic En.   Total Energy  Conserved En.    Temperature
   -4.25196e+05    7.75148e+04   -3.47681e+05   -3.37094e+05    3.01210e+02
 Pressure (bar)   Constr. rmsd
    9.47961e+00    0.00000e+00

           Step           Time
         173000      346.00000

   Energies (kJ/mol)
           Bond            U-B    Proper Dih.  Improper Dih.      CMAP Dih.
    1.67549e+03    4.56567e+03    5.20983e+03    2.89698e+02   -3.99266e+02
          LJ-14     Coulomb-14        LJ (SR)   Coulomb (SR)   Coul. recip.
    1.47403e+03    1.33580e+04    4.02846e+04   -4.93376e+05    1.47412e+03
      Potential    Kinetic En.   Total Energy  Conserved En.    Temperature
   -4.25443e+05    7.77695e+04   -3.47674e+05   -3.36976e+05    3.02199e+02
 Pressure (bar)   Constr. rmsd
    9.23361e+01    0.00000e+00

           Step           Time
         174000      348.00000

   Energies (kJ/mol)
           Bond            U-B    Proper Dih.  Improper Dih.      CMAP Dih.
    1.86516e+03    4.35269e+03    5.04544e+03    3.09271e+02   -4.12439e+02
          LJ-14     Coulomb-14        LJ (SR)   Coulomb (SR)   Coul. recip.
    1.55020e+03    1.34878e+04    3.89977e+04   -4.92653e+05    1.43953e+03
      Potential    Kinetic En.   Total Energy  Conserved En.    Temperature
   -4.26018e+05    7.82349e+04   -3.47783e+05   -3.37245e+05    3.04008e+02
 Pressure (bar)   Constr. rmsd
   -2.54127e+02    0.00000e+00

           Step           Time
         175000      350.00000

   Energies (kJ/mol)
           Bond            U-B    Proper Dih.  Improper Dih.      CMAP Dih.
    1.85995e+03    4.84379e+03    5.11645e+03    3.18198e+02   -4.56519e+02
          LJ-14     Coulomb-14        LJ (SR)   Coulomb (SR)   Coul. recip.
    1.55871e+03    1.31315e+04    4.06112e+04   -4.94412e+05    1.48209e+03
      Potential    Kinetic En.   Total Energy  Conserved En.    Temperature
   -4.25946e+05    7.74331e+04   -3.48513e+05   -3.37318e+05    3.00892e+02
 Pressure (bar)   Constr. rmsd
    1.12569e+02    0.00000e+00

           Step           Time
         176000      352.00000

   Energies (kJ/mol)
           Bond            U-B    Proper Dih.  Improper Dih.      CMAP Dih.
    1.86129e+03    4.64866e+03    5.15459e+03    3.27460e+02   -4.48591e+02
          LJ-14     Coulomb-14        LJ (SR)   Coulomb (SR)   Coul. recip.
    1.42721e+03    1.29195e+04    4.06493e+04   -4.94802e+05    1.46618e+03
      Potential    Kinetic En.   Total Energy  Conserved En.    Temperature
   -4.26797e+05    7.78322e+04   -3.48964e+05   -3.37184e+05    3.02443e+02
 Pressure (bar)   Constr. rmsd
    6.32209e+01    0.00000e+00

           Step           Time
         177000      354.00000

   Energies (kJ/mol)
           Bond            U-B    Proper Dih.  Improper Dih.      CMAP Dih.
    1.74175e+03    4.62110e+03    5.13468e+03    3.06448e+02   -4.06119e+02
          LJ-14     Coulomb-14        LJ (SR)   Coulomb (SR)   Coul. recip.
    1.49498e+03    1.33178e+04    4.02741e+04   -4.94424e+05    1.52757e+03
      Potential    Kinetic En.   Total Energy  Conserved En.    Temperature
   -4.26412e+05    7.87283e+04   -3.47684e+05   -3.37004e+05    3.05925e+02
 Pressure (bar)   Constr. rmsd
    6.93175e+01    0.00000e+00

           Step           Time
         178000      356.00000

   Energies (kJ/mol)
           Bond            U-B    Proper Dih.  Improper Dih.      CMAP Dih.
    1.78689e+03    4.74775e+03    5.04662e+03    3.25353e+02   -4.23831e+02
          LJ-14     Coulomb-14        LJ (SR)   Coulomb (SR)   Coul. recip.
    1.51151e+03    1.33383e+04    3.95360e+04   -4.92745e+05    1.48650e+03
      Potential    Kinetic En.   Total Energy  Conserved En.    Temperature
   -4.25390e+05    7.84381e+04   -3.46952e+05   -3.37217e+05    3.04797e+02
 Pressure (bar)   Constr. rmsd
   -2.58864e+01    0.00000e+00

           Step           Time
         179000      358.00000

   Energies (kJ/mol)
           Bond            U-B    Proper Dih.  Improper Dih.      CMAP Dih.
    1.80391e+03    4.43645e+03    5.09762e+03    3.35581e+02   -4.61959e+02
          LJ-14     Coulomb-14        LJ (SR)   Coulomb (SR)   Coul. recip.
    1.51149e+03    1.35065e+04    3.89571e+04   -4.92845e+05    1.44959e+03
      Potential    Kinetic En.   Total Energy  Conserved En.    Temperature
   -4.26208e+05    7.79699e+04   -3.48238e+05   -3.37349e+05    3.02978e+02
 Pressure (bar)   Constr. rmsd
   -1.88883e+02    0.00000e+00

           Step           Time
         180000      360.00000

   Energies (kJ/mol)
           Bond            U-B    Proper Dih.  Improper Dih.      CMAP Dih.
    1.79357e+03    4.49361e+03    5.10678e+03    2.91512e+02   -4.33661e+02
          LJ-14     Coulomb-14        LJ (SR)   Coulomb (SR)   Coul. recip.
    1.51484e+03    1.34010e+04    3.95724e+04   -4.93403e+05    1.45594e+03
      Potential    Kinetic En.   Total Energy  Conserved En.    Temperature
   -4.26207e+05    7.74265e+04   -3.48781e+05   -3.37085e+05    3.00866e+02
 Pressure (bar)   Constr. rmsd
   -5.12479e+01    0.00000e+00

           Step           Time
         181000      362.00000

   Energies (kJ/mol)
           Bond            U-B    Proper Dih.  Improper Dih.      CMAP Dih.
    1.65695e+03    4.42001e+03    5.17886e+03    3.16114e+02   -4.69406e+02
          LJ-14     Coulomb-14        LJ (SR)   Coulomb (SR)   Coul. recip.
    1.59559e+03    1.36109e+04    3.93497e+04   -4.93161e+05    1.45117e+03
      Potential    Kinetic En.   Total Energy  Conserved En.    Temperature
   -4.26052e+05    7.75050e+04   -3.48546e+05   -3.37156e+05    3.01172e+02
 Pressure (bar)   Constr. rmsd
    2.57705e+01    0.00000e+00

           Step           Time
         182000      364.00000

   Energies (kJ/mol)
           Bond            U-B    Proper Dih.  Improper Dih.      CMAP Dih.
    1.81417e+03    4.58613e+03    5.12519e+03    2.97596e+02   -4.56524e+02
          LJ-14     Coulomb-14        LJ (SR)   Coulomb (SR)   Coul. recip.
    1.45401e+03    1.31453e+04    4.04206e+04   -4.94285e+05    1.52477e+03
      Potential    Kinetic En.   Total Energy  Conserved En.    Temperature
   -4.26373e+05    7.72844e+04   -3.49089e+05   -3.37328e+05    3.00314e+02
 Pressure (bar)   Constr. rmsd
   -5.67995e+01    0.00000e+00

           Step           Time
         183000      366.00000

   Energies (kJ/mol)
           Bond            U-B    Proper Dih.  Improper Dih.      CMAP Dih.
    1.73550e+03    4.53035e+03    5.05756e+03    3.03048e+02   -4.16836e+02
          LJ-14     Coulomb-14        LJ (SR)   Coulomb (SR)   Coul. recip.
    1.48665e+03    1.32707e+04    3.92791e+04   -4.92340e+05    1.57255e+03
      Potential    Kinetic En.   Total Energy  Conserved En.    Temperature
   -4.25522e+05    7.74543e+04   -3.48068e+05   -3.37091e+05    3.00975e+02
 Pressure (bar)   Constr. rmsd
    2.02760e+01    0.00000e+00

           Step           Time
         184000      368.00000

   Energies (kJ/mol)
           Bond            U-B    Proper Dih.  Improper Dih.      CMAP Dih.
    1.75081e+03    4.62137e+03    5.13815e+03    2.88884e+02   -4.41697e+02
          LJ-14     Coulomb-14        LJ (SR)   Coulomb (SR)   Coul. recip.
    1.61671e+03    1.32851e+04    3.85927e+04   -4.92191e+05    1.42844e+03
      Potential    Kinetic En.   Total Energy  Conserved En.    Temperature
   -4.25910e+05    7.78632e+04   -3.48047e+05   -3.37140e+05    3.02563e+02
 Pressure (bar)   Constr. rmsd
   -3.73744e-01    0.00000e+00

           Step           Time
         185000      370.00000

   Energies (kJ/mol)
           Bond            U-B    Proper Dih.  Improper Dih.      CMAP Dih.
    1.82525e+03    4.53995e+03    5.09460e+03    3.39988e+02   -4.55023e+02
          LJ-14     Coulomb-14        LJ (SR)   Coulomb (SR)   Coul. recip.
    1.48345e+03    1.34327e+04    3.96198e+04   -4.92188e+05    1.47411e+03
      Potential    Kinetic En.   Total Energy  Conserved En.    Temperature
   -4.24833e+05    7.76815e+04   -3.47151e+05   -3.37311e+05    3.01857e+02
 Pressure (bar)   Constr. rmsd
   -7.47004e+01    0.00000e+00

           Step           Time
         186000      372.00000

   Energies (kJ/mol)
           Bond            U-B    Proper Dih.  Improper Dih.      CMAP Dih.
    1.73095e+03    4.74254e+03    5.08783e+03    2.86735e+02   -4.25289e+02
          LJ-14     Coulomb-14        LJ (SR)   Coulomb (SR)   Coul. recip.
    1.46521e+03    1.32853e+04    3.89196e+04   -4.92069e+05    1.42485e+03
      Potential    Kinetic En.   Total Energy  Conserved En.    Temperature
   -4.25551e+05    7.86718e+04   -3.46879e+05   -3.37395e+05    3.05706e+02
 Pressure (bar)   Constr. rmsd
   -1.38116e+02    0.00000e+00

           Step           Time
         187000      374.00000

   Energies (kJ/mol)
           Bond            U-B    Proper Dih.  Improper Dih.      CMAP Dih.
    1.83861e+03    4.63858e+03    5.06546e+03    2.84592e+02   -4.53246e+02
          LJ-14     Coulomb-14        LJ (SR)   Coulomb (SR)   Coul. recip.
    1.43832e+03    1.34002e+04    3.98196e+04   -4.93049e+05    1.50299e+03
      Potential    Kinetic En.   Total Energy  Conserved En.    Temperature
   -4.25514e+05    7.85022e+04   -3.47012e+05   -3.37438e+05    3.05046e+02
 Pressure (bar)   Constr. rmsd
   -8.67316e+01    0.00000e+00

           Step           Time
         188000      376.00000

   Energies (kJ/mol)
           Bond            U-B    Proper Dih.  Improper Dih.      CMAP Dih.
    1.68810e+03    4.66917e+03    5.05303e+03    3.14561e+02   -4.07825e+02
          LJ-14     Coulomb-14        LJ (SR)   Coulomb (SR)   Coul. recip.
    1.54251e+03    1.31341e+04    3.91895e+04   -4.92252e+05    1.51733e+03
      Potential    Kinetic En.   Total Energy  Conserved En.    Temperature
   -4.25551e+05    7.82563e+04   -3.47295e+05   -3.37454e+05    3.04091e+02
 Pressure (bar)   Constr. rmsd
    1.11666e+02    0.00000e+00

           Step           Time
         189000      378.00000

   Energies (kJ/mol)
           Bond            U-B    Proper Dih.  Improper Dih.      CMAP Dih.
    1.77722e+03    4.64868e+03    5.09123e+03    2.78413e+02   -4.51885e+02
          LJ-14     Coulomb-14        LJ (SR)   Coulomb (SR)   Coul. recip.
    1.44765e+03    1.32070e+04    3.83270e+04   -4.91731e+05    1.49837e+03
      Potential    Kinetic En.   Total Energy  Conserved En.    Temperature
   -4.25907e+05    7.88304e+04   -3.47077e+05   -3.37369e+05    3.06322e+02
 Pressure (bar)   Constr. rmsd
   -3.20930e+02    0.00000e+00

           Step           Time
         190000      380.00000

   Energies (kJ/mol)
           Bond            U-B    Proper Dih.  Improper Dih.      CMAP Dih.
    1.78615e+03    4.53289e+03    5.13354e+03    3.23531e+02   -3.97114e+02
          LJ-14     Coulomb-14        LJ (SR)   Coulomb (SR)   Coul. recip.
    1.47903e+03    1.34390e+04    3.94094e+04   -4.92302e+05    1.49612e+03
      Potential    Kinetic En.   Total Energy  Conserved En.    Temperature
   -4.25100e+05    7.82741e+04   -3.46825e+05   -3.37065e+05    3.04160e+02
 Pressure (bar)   Constr. rmsd
   -8.86625e+01    0.00000e+00

           Step           Time
         191000      382.00000

   Energies (kJ/mol)
           Bond            U-B    Proper Dih.  Improper Dih.      CMAP Dih.
    1.84739e+03    4.58080e+03    5.15626e+03    3.43303e+02   -4.81165e+02
          LJ-14     Coulomb-14        LJ (SR)   Coulomb (SR)   Coul. recip.
    1.54603e+03    1.32327e+04    3.93967e+04   -4.92312e+05    1.60263e+03
      Potential    Kinetic En.   Total Energy  Conserved En.    Temperature
   -4.25088e+05    7.76976e+04   -3.47390e+05   -3.37173e+05    3.01920e+02
 Pressure (bar)   Constr. rmsd
    6.66610e+01    0.00000e+00

           Step           Time
         192000      384.00000

   Energies (kJ/mol)
           Bond            U-B    Proper Dih.  Improper Dih.      CMAP Dih.
    1.75626e+03    4.69158e+03    5.08809e+03    2.47474e+02   -4.23431e+02
          LJ-14     Coulomb-14        LJ (SR)   Coulomb (SR)   Coul. recip.
    1.49330e+03    1.33282e+04    4.03672e+04   -4.93889e+05    1.54037e+03
      Potential    Kinetic En.   Total Energy  Conserved En.    Temperature
   -4.25800e+05    7.85991e+04   -3.47201e+05   -3.37191e+05    3.05423e+02
 Pressure (bar)   Constr. rmsd
    1.35551e+02    0.00000e+00

           Step           Time
         193000      386.00000

   Energies (kJ/mol)
           Bond            U-B    Proper Dih.  Improper Dih.      CMAP Dih.
    1.84741e+03    4.61860e+03    5.10168e+03    3.14644e+02   -4.11778e+02
          LJ-14     Coulomb-14        LJ (SR)   Coulomb (SR)   Coul. recip.
    1.48724e+03    1.36487e+04    3.86589e+04   -4.91440e+05    1.50436e+03
      Potential    Kinetic En.   Total Energy  Conserved En.    Temperature
   -4.24670e+05    7.86258e+04   -3.46044e+05   -3.37254e+05    3.05527e+02
 Pressure (bar)   Constr. rmsd
   -2.75711e+02    0.00000e+00

           Step           Time
         194000      388.00000

   Energies (kJ/mol)
           Bond            U-B    Proper Dih.  Improper Dih.      CMAP Dih.
    1.82624e+03    4.68129e+03    5.08923e+03    2.79561e+02   -4.26102e+02
          LJ-14     Coulomb-14        LJ (SR)   Coulomb (SR)   Coul. recip.
    1.46408e+03    1.35085e+04    3.90117e+04   -4.92165e+05    1.45703e+03
      Potential    Kinetic En.   Total Energy  Conserved En.    Temperature
   -4.25273e+05    7.76716e+04   -3.47602e+05   -3.37153e+05    3.01819e+02
 Pressure (bar)   Constr. rmsd
   -1.05853e+02    0.00000e+00

           Step           Time
         195000      390.00000

   Energies (kJ/mol)
           Bond            U-B    Proper Dih.  Improper Dih.      CMAP Dih.
    1.77544e+03    4.82058e+03    5.12761e+03    3.07432e+02   -3.92142e+02
          LJ-14     Coulomb-14        LJ (SR)   Coulomb (SR)   Coul. recip.
    1.48275e+03    1.32537e+04    3.95971e+04   -4.92322e+05    1.43895e+03
      Potential    Kinetic En.   Total Energy  Conserved En.    Temperature
   -4.24910e+05    7.91337e+04   -3.45777e+05   -3.37235e+05    3.07500e+02
 Pressure (bar)   Constr. rmsd
    1.06756e+02    0.00000e+00

           Step           Time
         196000      392.00000

   Energies (kJ/mol)
           Bond            U-B    Proper Dih.  Improper Dih.      CMAP Dih.
    1.85602e+03    4.40742e+03    5.09717e+03    3.21492e+02   -4.59356e+02
          LJ-14     Coulomb-14        LJ (SR)   Coulomb (SR)   Coul. recip.
    1.54773e+03    1.32973e+04    3.88324e+04   -4.91261e+05    1.49989e+03
      Potential    Kinetic En.   Total Energy  Conserved En.    Temperature
   -4.24860e+05    7.81911e+04   -3.46669e+05   -3.37261e+05    3.03838e+02
 Pressure (bar)   Constr. rmsd
   -2.88972e+01    0.00000e+00

           Step           Time
         197000      394.00000

   Energies (kJ/mol)
           Bond            U-B    Proper Dih.  Improper Dih.      CMAP Dih.
    1.74122e+03    4.44059e+03    5.06851e+03    3.14645e+02   -3.64972e+02
          LJ-14     Coulomb-14        LJ (SR)   Coulomb (SR)   Coul. recip.
    1.48808e+03    1.33335e+04    4.07379e+04   -4.94321e+05    1.56531e+03
      Potential    Kinetic En.   Total Energy  Conserved En.    Temperature
   -4.25996e+05    7.85550e+04   -3.47441e+05   -3.37298e+05    3.05252e+02
 Pressure (bar)   Constr. rmsd
    2.55141e+02    0.00000e+00

           Step           Time
         198000      396.00000

   Energies (kJ/mol)
           Bond            U-B    Proper Dih.  Improper Dih.      CMAP Dih.
    1.66221e+03    4.73168e+03    5.20837e+03    3.23341e+02   -4.15857e+02
          LJ-14     Coulomb-14        LJ (SR)   Coulomb (SR)   Coul. recip.
    1.49748e+03    1.31191e+04    3.86658e+04   -4.91772e+05    1.47028e+03
      Potential    Kinetic En.   Total Energy  Conserved En.    Temperature
   -4.25510e+05    7.82716e+04   -3.47238e+05   -3.37348e+05    3.04151e+02
 Pressure (bar)   Constr. rmsd
   -9.30971e+01    0.00000e+00

           Step           Time
         199000      398.00000

   Energies (kJ/mol)
           Bond            U-B    Proper Dih.  Improper Dih.      CMAP Dih.
    1.81964e+03    4.45741e+03    5.18766e+03    3.38647e+02   -4.49767e+02
          LJ-14     Coulomb-14        LJ (SR)   Coulomb (SR)   Coul. recip.
    1.50434e+03    1.32961e+04    4.01006e+04   -4.93459e+05    1.51050e+03
      Potential    Kinetic En.   Total Energy  Conserved En.    Temperature
   -4.25694e+05    7.77084e+04   -3.47985e+05   -3.37534e+05    3.01962e+02
 Pressure (bar)   Constr. rmsd
    1.84533e+02    0.00000e+00

           Step           Time
         200000      400.00000

   Energies (kJ/mol)
           Bond            U-B    Proper Dih.  Improper Dih.      CMAP Dih.
    1.79447e+03    4.61897e+03    5.06039e+03    3.06291e+02   -4.35319e+02
          LJ-14     Coulomb-14        LJ (SR)   Coulomb (SR)   Coul. recip.
    1.48653e+03    1.33398e+04    3.92189e+04   -4.91956e+05    1.54296e+03
      Potential    Kinetic En.   Total Energy  Conserved En.    Temperature
   -4.25023e+05    7.76823e+04   -3.47341e+05   -3.37248e+05    3.01860e+02
 Pressure (bar)   Constr. rmsd
    8.15502e+01    0.00000e+00

           Step           Time
         201000      402.00000

   Energies (kJ/mol)
           Bond            U-B    Proper Dih.  Improper Dih.      CMAP Dih.
    1.76467e+03    4.59628e+03    5.12297e+03    2.59771e+02   -4.35087e+02
          LJ-14     Coulomb-14        LJ (SR)   Coulomb (SR)   Coul. recip.
    1.50741e+03    1.34301e+04    4.08677e+04   -4.93994e+05    1.44715e+03
      Potential    Kinetic En.   Total Energy  Conserved En.    Temperature
   -4.25433e+05    7.84841e+04   -3.46949e+05   -3.37566e+05    3.04976e+02
 Pressure (bar)   Constr. rmsd
    2.74324e+02    0.00000e+00

           Step           Time
         202000      404.00000

   Energies (kJ/mol)
           Bond            U-B    Proper Dih.  Improper Dih.      CMAP Dih.
    1.78915e+03    4.57774e+03    5.13876e+03    2.76209e+02   -4.70287e+02
          LJ-14     Coulomb-14        LJ (SR)   Coulomb (SR)   Coul. recip.
    1.48083e+03    1.34762e+04    3.89109e+04   -4.92283e+05    1.47119e+03
      Potential    Kinetic En.   Total Energy  Conserved En.    Temperature
   -4.25633e+05    7.79430e+04   -3.47690e+05   -3.37495e+05    3.02874e+02
 Pressure (bar)   Constr. rmsd
   -2.40524e+02    0.00000e+00

           Step           Time
         203000      406.00000

   Energies (kJ/mol)
           Bond            U-B    Proper Dih.  Improper Dih.      CMAP Dih.
    1.71200e+03    4.34382e+03    5.18568e+03    3.15921e+02   -4.49892e+02
          LJ-14     Coulomb-14        LJ (SR)   Coulomb (SR)   Coul. recip.
    1.53804e+03    1.35409e+04    4.02161e+04   -4.93338e+05    1.51280e+03
      Potential    Kinetic En.   Total Energy  Conserved En.    Temperature
   -4.25423e+05    7.81015e+04   -3.47321e+05   -3.37496e+05    3.03489e+02
 Pressure (bar)   Constr. rmsd
    3.11642e+02    0.00000e+00

           Step           Time
         204000      408.00000

   Energies (kJ/mol)
           Bond            U-B    Proper Dih.  Improper Dih.      CMAP Dih.
    1.62618e+03    4.45686e+03    5.12268e+03    2.96246e+02   -4.44515e+02
          LJ-14     Coulomb-14        LJ (SR)   Coulomb (SR)   Coul. recip.
    1.52180e+03    1.34561e+04    3.95642e+04   -4.93319e+05    1.53041e+03
      Potential    Kinetic En.   Total Energy  Conserved En.    Temperature
   -4.26189e+05    7.75860e+04   -3.48603e+05   -3.37502e+05    3.01486e+02
 Pressure (bar)   Constr. rmsd
    5.51736e+00    0.00000e+00

           Step           Time
         205000      410.00000

   Energies (kJ/mol)
           Bond            U-B    Proper Dih.  Improper Dih.      CMAP Dih.
    1.69578e+03    4.71322e+03    5.19543e+03    3.07739e+02   -4.26950e+02
          LJ-14     Coulomb-14        LJ (SR)   Coulomb (SR)   Coul. recip.
    1.52230e+03    1.32432e+04    4.01774e+04   -4.93638e+05    1.46462e+03
      Potential    Kinetic En.   Total Energy  Conserved En.    Temperature
   -4.25745e+05    7.78927e+04   -3.47853e+05   -3.37531e+05    3.02678e+02
 Pressure (bar)   Constr. rmsd
    4.95043e+01    0.00000e+00

           Step           Time
         206000      412.00000

   Energies (kJ/mol)
           Bond            U-B    Proper Dih.  Improper Dih.      CMAP Dih.
    1.75345e+03    4.65643e+03    5.11073e+03    3.44890e+02   -4.01210e+02
          LJ-14     Coulomb-14        LJ (SR)   Coulomb (SR)   Coul. recip.
    1.49280e+03    1.32707e+04    3.97754e+04   -4.92877e+05    1.51424e+03
      Potential    Kinetic En.   Total Energy  Conserved En.    Temperature
   -4.25360e+05    7.78346e+04   -3.47526e+05   -3.37482e+05    3.02452e+02
 Pressure (bar)   Constr. rmsd
    4.80027e+01    0.00000e+00

           Step           Time
         207000      414.00000

   Energies (kJ/mol)
           Bond            U-B    Proper Dih.  Improper Dih.      CMAP Dih.
    1.79853e+03    4.57464e+03    5.08965e+03    2.35051e+02   -4.13260e+02
          LJ-14     Coulomb-14        LJ (SR)   Coulomb (SR)   Coul. recip.
    1.46070e+03    1.33656e+04    3.90035e+04   -4.92694e+05    1.47147e+03
      Potential    Kinetic En.   Total Energy  Conserved En.    Temperature
   -4.26108e+05    7.75744e+04   -3.48534e+05   -3.37435e+05    3.01441e+02
 Pressure (bar)   Constr. rmsd
   -2.85048e+02    0.00000e+00

           Step           Time
         208000      416.00000

   Energies (kJ/mol)
           Bond            U-B    Proper Dih.  Improper Dih.      CMAP Dih.
    1.76009e+03    4.36576e+03    5.10269e+03    2.87723e+02   -4.58450e+02
          LJ-14     Coulomb-14        LJ (SR)   Coulomb (SR)   Coul. recip.
    1.49671e+03    1.36384e+04    3.89314e+04   -4.93496e+05    1.48590e+03
      Potential    Kinetic En.   Total Energy  Conserved En.    Temperature
   -4.26886e+05    7.86108e+04   -3.48276e+05   -3.37434e+05    3.05468e+02
 Pressure (bar)   Constr. rmsd
   -2.10102e+02    0.00000e+00

           Step           Time
         209000      418.00000

   Energies (kJ/mol)
           Bond            U-B    Proper Dih.  Improper Dih.      CMAP Dih.
    1.71495e+03    4.61971e+03    5.09122e+03    2.91981e+02   -3.83661e+02
          LJ-14     Coulomb-14        LJ (SR)   Coulomb (SR)   Coul. recip.
    1.49246e+03    1.33243e+04    3.97601e+04   -4.93111e+05    1.49421e+03
      Potential    Kinetic En.   Total Energy  Conserved En.    Temperature
   -4.25705e+05    7.84891e+04   -3.47216e+05   -3.37429e+05    3.04996e+02
 Pressure (bar)   Constr. rmsd
    1.08066e+02    0.00000e+00

           Step           Time
         210000      420.00000

   Energies (kJ/mol)
           Bond            U-B    Proper Dih.  Improper Dih.      CMAP Dih.
    1.76711e+03    4.60996e+03    5.10871e+03    2.81856e+02   -4.46011e+02
          LJ-14     Coulomb-14        LJ (SR)   Coulomb (SR)   Coul. recip.
    1.49727e+03    1.32126e+04    3.96375e+04   -4.93778e+05    1.56808e+03
      Potential    Kinetic En.   Total Energy  Conserved En.    Temperature
   -4.26541e+05    7.79625e+04   -3.48579e+05   -3.37466e+05    3.02949e+02
 Pressure (bar)   Constr. rmsd
    4.14541e+01    0.00000e+00

           Step           Time
         211000      422.00000

   Energies (kJ/mol)
           Bond            U-B    Proper Dih.  Improper Dih.      CMAP Dih.
    1.83841e+03    4.65933e+03    5.15888e+03    3.13369e+02   -4.15864e+02
          LJ-14     Coulomb-14        LJ (SR)   Coulomb (SR)   Coul. recip.
    1.53717e+03    1.32267e+04    3.95942e+04   -4.94082e+05    1.47042e+03
      Potential    Kinetic En.   Total Energy  Conserved En.    Temperature
   -4.26699e+05    7.80675e+04   -3.48632e+05   -3.37462e+05    3.03357e+02
 Pressure (bar)   Constr. rmsd
   -5.26696e+01    0.00000e+00

           Step           Time
         212000      424.00000

   Energies (kJ/mol)
           Bond            U-B    Proper Dih.  Improper Dih.      CMAP Dih.
    1.95005e+03    4.57473e+03    5.07454e+03    2.74239e+02   -3.99971e+02
          LJ-14     Coulomb-14        LJ (SR)   Coulomb (SR)   Coul. recip.
    1.44426e+03    1.31482e+04    3.99095e+04   -4.92969e+05    1.51647e+03
      Potential    Kinetic En.   Total Energy  Conserved En.    Temperature
   -4.25477e+05    7.81243e+04   -3.47352e+05   -3.37546e+05    3.03578e+02
 Pressure (bar)   Constr. rmsd
    4.99480e+01    0.00000e+00

           Step           Time
         213000      426.00000

   Energies (kJ/mol)
           Bond            U-B    Proper Dih.  Improper Dih.      CMAP Dih.
    1.83904e+03    4.60050e+03    5.11144e+03    3.32420e+02   -4.06082e+02
          LJ-14     Coulomb-14        LJ (SR)   Coulomb (SR)   Coul. recip.
    1.49370e+03    1.32348e+04    3.99399e+04   -4.92910e+05    1.54552e+03
      Potential    Kinetic En.   Total Energy  Conserved En.    Temperature
   -4.25218e+05    7.82407e+04   -3.46978e+05   -3.37584e+05    3.04030e+02
 Pressure (bar)   Constr. rmsd
    4.38210e+01    0.00000e+00

           Step           Time
         214000      428.00000

   Energies (kJ/mol)
           Bond            U-B    Proper Dih.  Improper Dih.      CMAP Dih.
    1.71205e+03    4.70408e+03    5.04383e+03    3.23586e+02   -4.31870e+02
          LJ-14     Coulomb-14        LJ (SR)   Coulomb (SR)   Coul. recip.
    1.52583e+03    1.36127e+04    3.88076e+04   -4.91293e+05    1.50187e+03
      Potential    Kinetic En.   Total Energy  Conserved En.    Temperature
   -4.24494e+05    7.73181e+04   -3.47176e+05   -3.37561e+05    3.00445e+02
 Pressure (bar)   Constr. rmsd
    2.95260e+01    0.00000e+00

           Step           Time
         215000      430.00000

   Energies (kJ/mol)
           Bond            U-B    Proper Dih.  Improper Dih.      CMAP Dih.
    1.83254e+03    4.74893e+03    5.09136e+03    2.94811e+02   -4.45113e+02
          LJ-14     Coulomb-14        LJ (SR)   Coulomb (SR)   Coul. recip.
    1.47169e+03    1.32322e+04    3.86057e+04   -4.91544e+05    1.54985e+03
      Potential    Kinetic En.   Total Energy  Conserved En.    Temperature
   -4.25162e+05    7.81628e+04   -3.46999e+05   -3.37559e+05    3.03728e+02
 Pressure (bar)   Constr. rmsd
   -1.45464e+02    0.00000e+00

           Step           Time
         216000      432.00000

   Energies (kJ/mol)
           Bond            U-B    Proper Dih.  Improper Dih.      CMAP Dih.
    1.78325e+03    4.45747e+03    5.05258e+03    3.00002e+02   -3.77844e+02
          LJ-14     Coulomb-14        LJ (SR)   Coulomb (SR)   Coul. recip.
    1.53117e+03    1.34560e+04    3.94800e+04   -4.92902e+05    1.52237e+03
      Potential    Kinetic En.   Total Energy  Conserved En.    Temperature
   -4.25697e+05    7.86825e+04   -3.47015e+05   -3.37664e+05    3.05747e+02
 Pressure (bar)   Constr. rmsd
   -4.00877e+01    0.00000e+00

           Step           Time
         217000      434.00000

   Energies (kJ/mol)
           Bond            U-B    Proper Dih.  Improper Dih.      CMAP Dih.
    1.73377e+03    4.70296e+03    5.08617e+03    3.21904e+02   -4.23713e+02
          LJ-14     Coulomb-14        LJ (SR)   Coulomb (SR)   Coul. recip.
    1.49975e+03    1.34810e+04    3.92848e+04   -4.91868e+05    1.53675e+03
      Potential    Kinetic En.   Total Energy  Conserved En.    Temperature
   -4.24644e+05    7.90336e+04   -3.45611e+05   -3.37750e+05    3.07111e+02
 Pressure (bar)   Constr. rmsd
   -2.13031e+01    0.00000e+00

           Step           Time
         218000      436.00000

   Energies (kJ/mol)
           Bond            U-B    Proper Dih.  Improper Dih.      CMAP Dih.
    1.67631e+03    4.76159e+03    5.10918e+03    3.36122e+02   -4.42688e+02
          LJ-14     Coulomb-14        LJ (SR)   Coulomb (SR)   Coul. recip.
    1.52850e+03    1.33993e+04    4.00649e+04   -4.92963e+05    1.55180e+03
      Potential    Kinetic En.   Total Energy  Conserved En.    Temperature
   -4.24978e+05    7.90412e+04   -3.45937e+05   -3.37893e+05    3.07141e+02
 Pressure (bar)   Constr. rmsd
    2.21035e+02    0.00000e+00

           Step           Time
         219000      438.00000

   Energies (kJ/mol)
           Bond            U-B    Proper Dih.  Improper Dih.      CMAP Dih.
    1.76292e+03    4.54028e+03    5.11638e+03    2.62404e+02   -5.10097e+02
          LJ-14     Coulomb-14        LJ (SR)   Coulomb (SR)   Coul. recip.
    1.54615e+03    1.34554e+04    3.90447e+04   -4.91338e+05    1.52497e+03
      Potential    Kinetic En.   Total Energy  Conserved En.    Temperature
   -4.24595e+05    7.82572e+04   -3.46338e+05   -3.37996e+05    3.04094e+02
 Pressure (bar)   Constr. rmsd
   -9.34120e+01    0.00000e+00

           Step           Time
         220000      440.00000

   Energies (kJ/mol)
           Bond            U-B    Proper Dih.  Improper Dih.      CMAP Dih.
    1.78452e+03    4.69104e+03    5.05522e+03    3.12903e+02   -4.65294e+02
          LJ-14     Coulomb-14        LJ (SR)   Coulomb (SR)   Coul. recip.
    1.54342e+03    1.33845e+04    3.95667e+04   -4.92883e+05    1.53501e+03
      Potential    Kinetic En.   Total Energy  Conserved En.    Temperature
   -4.25475e+05    7.92108e+04   -3.46264e+05   -3.37769e+05    3.07800e+02
 Pressure (bar)   Constr. rmsd
    2.22207e+01    0.00000e+00

           Step           Time
         221000      442.00000

   Energies (kJ/mol)
           Bond            U-B    Proper Dih.  Improper Dih.      CMAP Dih.
    1.70161e+03    4.64677e+03    5.14593e+03    3.03616e+02   -4.57999e+02
          LJ-14     Coulomb-14        LJ (SR)   Coulomb (SR)   Coul. recip.
    1.49485e+03    1.33493e+04    3.97622e+04   -4.92617e+05    1.49578e+03
      Potential    Kinetic En.   Total Energy  Conserved En.    Temperature
   -4.25175e+05    7.86948e+04   -3.46480e+05   -3.37623e+05    3.05795e+02
 Pressure (bar)   Constr. rmsd
    7.23293e+01    0.00000e+00

           Step           Time
         222000      444.00000

   Energies (kJ/mol)
           Bond            U-B    Proper Dih.  Improper Dih.      CMAP Dih.
    1.86755e+03    4.53887e+03    5.07185e+03    2.80470e+02   -4.21431e+02
          LJ-14     Coulomb-14        LJ (SR)   Coulomb (SR)   Coul. recip.
    1.51449e+03    1.32225e+04    3.84484e+04   -4.90233e+05    1.50633e+03
      Potential    Kinetic En.   Total Energy  Conserved En.    Temperature
   -4.24204e+05    7.73771e+04   -3.46827e+05   -3.37818e+05    3.00675e+02
 Pressure (bar)   Constr. rmsd
   -1.20452e+02    0.00000e+00

           Step           Time
         223000      446.00000

   Energies (kJ/mol)
           Bond            U-B    Proper Dih.  Improper Dih.      CMAP Dih.
    1.77260e+03    4.62350e+03    5.10116e+03    3.26492e+02   -4.58761e+02
          LJ-14     Coulomb-14        LJ (SR)   Coulomb (SR)   Coul. recip.
    1.47133e+03    1.33630e+04    4.06005e+04   -4.93626e+05    1.48688e+03
      Potential    Kinetic En.   Total Energy  Conserved En.    Temperature
   -4.25339e+05    7.85488e+04   -3.46790e+05   -3.37651e+05    3.05228e+02
 Pressure (bar)   Constr. rmsd
    2.53388e+02    0.00000e+00

           Step           Time
         224000      448.00000

   Energies (kJ/mol)
           Bond            U-B    Proper Dih.  Improper Dih.      CMAP Dih.
    1.70383e+03    4.59721e+03    5.14167e+03    2.97928e+02   -4.18833e+02
          LJ-14     Coulomb-14        LJ (SR)   Coulomb (SR)   Coul. recip.
    1.63323e+03    1.35734e+04    4.03761e+04   -4.92936e+05    1.44648e+03
      Potential    Kinetic En.   Total Energy  Conserved En.    Temperature
   -4.24585e+05    7.90800e+04   -3.45505e+05   -3.37674e+05    3.07292e+02
 Pressure (bar)   Constr. rmsd
    2.72081e+02    0.00000e+00

           Step           Time
         225000      450.00000

   Energies (kJ/mol)
           Bond            U-B    Proper Dih.  Improper Dih.      CMAP Dih.
    1.74423e+03    4.71197e+03    5.21484e+03    3.05599e+02   -4.30105e+02
          LJ-14     Coulomb-14        LJ (SR)   Coulomb (SR)   Coul. recip.
    1.48488e+03    1.35630e+04    3.92481e+04   -4.92767e+05    1.49038e+03
      Potential    Kinetic En.   Total Energy  Conserved En.    Temperature
   -4.25434e+05    7.89023e+04   -3.46532e+05   -3.37745e+05    3.06601e+02
 Pressure (bar)   Constr. rmsd
   -9.97222e+01    0.00000e+00

           Step           Time
         226000      452.00000

   Energies (kJ/mol)
           Bond            U-B    Proper Dih.  Improper Dih.      CMAP Dih.
    1.87914e+03    4.66841e+03    5.19745e+03    3.18164e+02   -4.39591e+02
          LJ-14     Coulomb-14        LJ (SR)   Coulomb (SR)   Coul. recip.
    1.47167e+03    1.28850e+04    3.92306e+04   -4.92312e+05    1.44125e+03
      Potential    Kinetic En.   Total Energy  Conserved En.    Temperature
   -4.25660e+05    7.89794e+04   -3.46680e+05   -3.37766e+05    3.06901e+02
 Pressure (bar)   Constr. rmsd
   -1.45749e+02    0.00000e+00

           Step           Time
         227000      454.00000

   Energies (kJ/mol)
           Bond            U-B    Proper Dih.  Improper Dih.      CMAP Dih.
    1.80117e+03    4.67328e+03    5.05619e+03    3.09094e+02   -4.36200e+02
          LJ-14     Coulomb-14        LJ (SR)   Coulomb (SR)   Coul. recip.
    1.48987e+03    1.35139e+04    3.94957e+04   -4.91670e+05    1.48132e+03
      Potential    Kinetic En.   Total Energy  Conserved En.    Temperature
   -4.24285e+05    7.84869e+04   -3.45798e+05   -3.37633e+05    3.04987e+02
 Pressure (bar)   Constr. rmsd
    9.43916e+01    0.00000e+00

           Step           Time
         228000      456.00000

   Energies (kJ/mol)
           Bond            U-B    Proper Dih.  Improper Dih.      CMAP Dih.
    1.83472e+03    4.61581e+03    5.09093e+03    3.20533e+02   -4.32244e+02
          LJ-14     Coulomb-14        LJ (SR)   Coulomb (SR)   Coul. recip.
    1.54987e+03    1.34074e+04    3.94108e+04   -4.92570e+05    1.49366e+03
      Potential    Kinetic En.   Total Energy  Conserved En.    Temperature
   -4.25279e+05    7.89181e+04   -3.46361e+05   -3.37791e+05    3.06663e+02
 Pressure (bar)   Constr. rmsd
   -6.63671e+01    0.00000e+00

           Step           Time
         229000      458.00000

   Energies (kJ/mol)
           Bond            U-B    Proper Dih.  Improper Dih.      CMAP Dih.
    1.60004e+03    4.66990e+03    5.11610e+03    2.77429e+02   -4.48221e+02
          LJ-14     Coulomb-14        LJ (SR)   Coulomb (SR)   Coul. recip.
    1.61322e+03    1.35213e+04    3.87690e+04   -4.91640e+05    1.54867e+03
      Potential    Kinetic En.   Total Energy  Conserved En.    Temperature
   -4.24973e+05    7.91061e+04   -3.45866e+05   -3.37998e+05    3.07393e+02
 Pressure (bar)   Constr. rmsd
   -6.04869e+01    0.00000e+00

           Step           Time
         230000      460.00000

   Energies (kJ/mol)
           Bond            U-B    Proper Dih.  Improper Dih.      CMAP Dih.
    1.81734e+03    4.74948e+03    5.14867e+03    3.05453e+02   -4.50906e+02
          LJ-14     Coulomb-14        LJ (SR)   Coulomb (SR)   Coul. recip.
    1.56025e+03    1.32631e+04    3.95847e+04   -4.92587e+05    1.54076e+03
      Potential    Kinetic En.   Total Energy  Conserved En.    Temperature
   -4.25068e+05    7.77956e+04   -3.47272e+05   -3.37888e+05    3.02301e+02
 Pressure (bar)   Constr. rmsd
   -5.31507e+01    0.00000e+00

           Step           Time
         231000      462.00000

   Energies (kJ/mol)
           Bond            U-B    Proper Dih.  Improper Dih.      CMAP Dih.
    1.76326e+03    4.71186e+03    5.12350e+03    2.77312e+02   -4.42078e+02
          LJ-14     Coulomb-14        LJ (SR)   Coulomb (SR)   Coul. recip.
    1.44457e+03    1.33247e+04    3.88701e+04   -4.91982e+05    1.47026e+03
      Potential    Kinetic En.   Total Energy  Conserved En.    Temperature
   -4.25438e+05    7.72999e+04   -3.48139e+05   -3.37788e+05    3.00374e+02
 Pressure (bar)   Constr. rmsd
   -2.39417e+02    0.00000e+00

           Step           Time
         232000      464.00000

   Energies (kJ/mol)
           Bond            U-B    Proper Dih.  Improper Dih.      CMAP Dih.
    1.84364e+03    4.57575e+03    5.04091e+03    3.26882e+02   -4.92363e+02
          LJ-14     Coulomb-14        LJ (SR)   Coulomb (SR)   Coul. recip.
    1.51328e+03    1.37170e+04    3.86991e+04   -4.91636e+05    1.49481e+03
      Potential    Kinetic En.   Total Energy  Conserved En.    Temperature
   -4.24917e+05    7.78936e+04   -3.47023e+05   -3.37594e+05    3.02681e+02
 Pressure (bar)   Constr. rmsd
   -2.06589e+02    0.00000e+00

           Step           Time
         233000      466.00000

   Energies (kJ/mol)
           Bond            U-B    Proper Dih.  Improper Dih.      CMAP Dih.
    1.80180e+03    4.58554e+03    5.12560e+03    2.88193e+02   -4.17855e+02
          LJ-14     Coulomb-14        LJ (SR)   Coulomb (SR)   Coul. recip.
    1.46491e+03    1.34118e+04    3.91465e+04   -4.92205e+05    1.50631e+03
      Potential    Kinetic En.   Total Energy  Conserved En.    Temperature
   -4.25293e+05    7.82325e+04   -3.47060e+05   -3.37563e+05    3.03998e+02
 Pressure (bar)   Constr. rmsd
    1.24803e+02    0.00000e+00

           Step           Time
         234000      468.00000

   Energies (kJ/mol)
           Bond            U-B    Proper Dih.  Improper Dih.      CMAP Dih.
    1.66962e+03    4.73258e+03    5.04402e+03    2.86819e+02   -4.07604e+02
          LJ-14     Coulomb-14        LJ (SR)   Coulomb (SR)   Coul. recip.
    1.52092e+03    1.33733e+04    3.95534e+04   -4.92590e+05    1.46699e+03
      Potential    Kinetic En.   Total Energy  Conserved En.    Temperature
   -4.25350e+05    7.83461e+04   -3.47004e+05   -3.37652e+05    3.04440e+02
 Pressure (bar)   Constr. rmsd
    5.46469e+01    0.00000e+00

           Step           Time
         235000      470.00000

   Energies (kJ/mol)
           Bond            U-B    Proper Dih.  Improper Dih.      CMAP Dih.
    1.75620e+03    4.56397e+03    5.13655e+03    2.80933e+02   -4.58085e+02
          LJ-14     Coulomb-14        LJ (SR)   Coulomb (SR)   Coul. recip.
    1.54890e+03    1.32994e+04    3.94602e+04   -4.92363e+05    1.45340e+03
      Potential    Kinetic En.   Total Energy  Conserved En.    Temperature
   -4.25321e+05    7.79156e+04   -3.47406e+05   -3.37670e+05    3.02767e+02
 Pressure (bar)   Constr. rmsd
    9.59672e+01    0.00000e+00

           Step           Time
         236000      472.00000

   Energies (kJ/mol)
           Bond            U-B    Proper Dih.  Improper Dih.      CMAP Dih.
    1.89334e+03    4.62539e+03    5.13465e+03    2.93021e+02   -4.17941e+02
          LJ-14     Coulomb-14        LJ (SR)   Coulomb (SR)   Coul. recip.
    1.43852e+03    1.32923e+04    3.82887e+04   -4.90395e+05    1.45277e+03
      Potential    Kinetic En.   Total Energy  Conserved En.    Temperature
   -4.24394e+05    7.81390e+04   -3.46255e+05   -3.37729e+05    3.03635e+02
 Pressure (bar)   Constr. rmsd
   -2.54497e+02    0.00000e+00

           Step           Time
         237000      474.00000

   Energies (kJ/mol)
           Bond            U-B    Proper Dih.  Improper Dih.      CMAP Dih.
    1.74908e+03    4.61400e+03    5.20163e+03    3.19286e+02   -5.01110e+02
          LJ-14     Coulomb-14        LJ (SR)   Coulomb (SR)   Coul. recip.
    1.52246e+03    1.32335e+04    3.87191e+04   -4.91726e+05    1.54089e+03
      Potential    Kinetic En.   Total Energy  Conserved En.    Temperature
   -4.25327e+05    7.82509e+04   -3.47076e+05   -3.37875e+05    3.04070e+02
 Pressure (bar)   Constr. rmsd
   -9.56561e+01    0.00000e+00

           Step           Time
         238000      476.00000

   Energies (kJ/mol)
           Bond            U-B    Proper Dih.  Improper Dih.      CMAP Dih.
    1.81342e+03    4.76032e+03    5.04282e+03    3.07472e+02   -4.07207e+02
          LJ-14     Coulomb-14        LJ (SR)   Coulomb (SR)   Coul. recip.
    1.55764e+03    1.33642e+04    3.94456e+04   -4.92273e+05    1.50134e+03
      Potential    Kinetic En.   Total Energy  Conserved En.    Temperature
   -4.24888e+05    7.87630e+04   -3.46125e+05   -3.37992e+05    3.06060e+02
 Pressure (bar)   Constr. rmsd
   -1.36419e+01    0.00000e+00

           Step           Time
         239000      478.00000

   Energies (kJ/mol)
           Bond            U-B    Proper Dih.  Improper Dih.      CMAP Dih.
    1.84408e+03    4.55014e+03    5.12722e+03    2.96112e+02   -4.21475e+02
          LJ-14     Coulomb-14        LJ (SR)   Coulomb (SR)   Coul. recip.
    1.51404e+03    1.35630e+04    3.88403e+04   -4.91255e+05    1.47598e+03
      Potential    Kinetic En.   Total Energy  Conserved En.    Temperature
   -4.24466e+05    7.83203e+04   -3.46145e+05   -3.37932e+05    3.04340e+02
 Pressure (bar)   Constr. rmsd
   -1.17032e+02    0.00000e+00

           Step           Time
         240000      480.00000

   Energies (kJ/mol)
           Bond            U-B    Proper Dih.  Improper Dih.      CMAP Dih.
    1.72995e+03    4.69817e+03    5.14238e+03    2.52745e+02   -4.49013e+02
          LJ-14     Coulomb-14        LJ (SR)   Coulomb (SR)   Coul. recip.
    1.53635e+03    1.31420e+04    3.85957e+04   -4.90840e+05    1.45719e+03
      Potential    Kinetic En.   Total Energy  Conserved En.    Temperature
   -4.24734e+05    7.85718e+04   -3.46163e+05   -3.37885e+05    3.05317e+02
 Pressure (bar)   Constr. rmsd
    6.62053e+01    0.00000e+00

           Step           Time
         241000      482.00000

   Energies (kJ/mol)
           Bond            U-B    Proper Dih.  Improper Dih.      CMAP Dih.
    1.89385e+03    4.34433e+03    5.07874e+03    2.81235e+02   -4.03242e+02
          LJ-14     Coulomb-14        LJ (SR)   Coulomb (SR)   Coul. recip.
    1.55251e+03    1.33859e+04    3.93845e+04   -4.91956e+05    1.48179e+03
      Potential    Kinetic En.   Total Energy  Conserved En.    Temperature
   -4.24956e+05    7.80822e+04   -3.46874e+05   -3.37832e+05    3.03414e+02
 Pressure (bar)   Constr. rmsd
    4.70821e+01    0.00000e+00

           Step           Time
         242000      484.00000

   Energies (kJ/mol)
           Bond            U-B    Proper Dih.  Improper Dih.      CMAP Dih.
    1.80561e+03    4.64795e+03    5.08023e+03    2.58092e+02   -4.41036e+02
          LJ-14     Coulomb-14        LJ (SR)   Coulomb (SR)   Coul. recip.
    1.56644e+03    1.34008e+04    4.02631e+04   -4.93474e+05    1.56725e+03
      Potential    Kinetic En.   Total Energy  Conserved En.    Temperature
   -4.25325e+05    7.84303e+04   -3.46895e+05   -3.37779e+05    3.04767e+02
 Pressure (bar)   Constr. rmsd
    2.78694e+02    0.00000e+00

           Step           Time
         243000      486.00000

   Energies (kJ/mol)
           Bond            U-B    Proper Dih.  Improper Dih.      CMAP Dih.
    1.76861e+03    4.70034e+03    5.10077e+03    3.14337e+02   -4.37127e+02
          LJ-14     Coulomb-14        LJ (SR)   Coulomb (SR)   Coul. recip.
    1.51526e+03    1.35400e+04    4.01382e+04   -4.93146e+05    1.52976e+03
      Potential    Kinetic En.   Total Energy  Conserved En.    Temperature
   -4.24976e+05    7.85755e+04   -3.46401e+05   -3.37915e+05    3.05331e+02
 Pressure (bar)   Constr. rmsd
    2.34664e+02    0.00000e+00

           Step           Time
         244000      488.00000

   Energies (kJ/mol)
           Bond            U-B    Proper Dih.  Improper Dih.      CMAP Dih.
    1.61305e+03    4.65884e+03    5.08148e+03    2.80057e+02   -4.41158e+02
          LJ-14     Coulomb-14        LJ (SR)   Coulomb (SR)   Coul. recip.
    1.53238e+03    1.33706e+04    3.94430e+04   -4.91991e+05    1.49729e+03
      Potential    Kinetic En.   Total Energy  Conserved En.    Temperature
   -4.24955e+05    7.84195e+04   -3.46536e+05   -3.37939e+05    3.04725e+02
 Pressure (bar)   Constr. rmsd
    2.94182e+01    0.00000e+00

           Step           Time
         245000      490.00000

   Energies (kJ/mol)
           Bond            U-B    Proper Dih.  Improper Dih.      CMAP Dih.
    1.76964e+03    4.54176e+03    5.07561e+03    2.87811e+02   -4.30636e+02
          LJ-14     Coulomb-14        LJ (SR)   Coulomb (SR)   Coul. recip.
    1.46384e+03    1.34052e+04    3.92697e+04   -4.91885e+05    1.45029e+03
      Potential    Kinetic En.   Total Energy  Conserved En.    Temperature
   -4.25051e+05    7.88531e+04   -3.46198e+05   -3.37943e+05    3.06410e+02
 Pressure (bar)   Constr. rmsd
   -9.67561e+01    0.00000e+00

           Step           Time
         246000      492.00000

   Energies (kJ/mol)
           Bond            U-B    Proper Dih.  Improper Dih.      CMAP Dih.
    1.73097e+03    4.42141e+03    5.05601e+03    3.53680e+02   -4.22954e+02
          LJ-14     Coulomb-14        LJ (SR)   Coulomb (SR)   Coul. recip.
    1.52868e+03    1.34083e+04    3.97813e+04   -4.92857e+05    1.46328e+03
      Potential    Kinetic En.   Total Energy  Conserved En.    Temperature
   -4.25536e+05    7.79239e+04   -3.47612e+05   -3.37956e+05    3.02799e+02
 Pressure (bar)   Constr. rmsd
    4.43415e+01    0.00000e+00

           Step           Time
         247000      494.00000

   Energies (kJ/mol)
           Bond            U-B    Proper Dih.  Improper Dih.      CMAP Dih.
    1.75184e+03    4.78131e+03    5.08416e+03    3.33020e+02   -4.34503e+02
          LJ-14     Coulomb-14        LJ (SR)   Coulomb (SR)   Coul. recip.
    1.51538e+03    1.33267e+04    3.95553e+04   -4.91926e+05    1.48695e+03
      Potential    Kinetic En.   Total Energy  Conserved En.    Temperature
   -4.24526e+05    7.77729e+04   -3.46753e+05   -3.37857e+05    3.02212e+02
 Pressure (bar)   Constr. rmsd
    2.07400e+02    0.00000e+00

           Step           Time
         248000      496.00000

   Energies (kJ/mol)
           Bond            U-B    Proper Dih.  Improper Dih.      CMAP Dih.
    1.69511e+03    4.64501e+03    4.97489e+03    3.02248e+02   -3.94035e+02
          LJ-14     Coulomb-14        LJ (SR)   Coulomb (SR)   Coul. recip.
    1.54861e+03    1.34522e+04    3.90720e+04   -4.93126e+05    1.46649e+03
      Potential    Kinetic En.   Total Energy  Conserved En.    Temperature
   -4.26363e+05    7.82106e+04   -3.48152e+05   -3.37832e+05    3.03913e+02
 Pressure (bar)   Constr. rmsd
   -4.03223e+01    0.00000e+00

           Step           Time
         249000      498.00000

   Energies (kJ/mol)
           Bond            U-B    Proper Dih.  Improper Dih.      CMAP Dih.
    1.77215e+03    4.60763e+03    5.12317e+03    2.82959e+02   -4.15978e+02
          LJ-14     Coulomb-14        LJ (SR)   Coulomb (SR)   Coul. recip.
    1.57695e+03    1.33490e+04    4.01092e+04   -4.93838e+05    1.50837e+03
      Potential    Kinetic En.   Total Energy  Conserved En.    Temperature
   -4.25925e+05    7.86017e+04   -3.47323e+05   -3.37767e+05    3.05433e+02
 Pressure (bar)   Constr. rmsd
    3.85390e+02    0.00000e+00

           Step           Time
         250000      500.00000

   Energies (kJ/mol)
           Bond            U-B    Proper Dih.  Improper Dih.      CMAP Dih.
    1.80977e+03    4.59205e+03    5.08519e+03    3.04777e+02   -4.28672e+02
          LJ-14     Coulomb-14        LJ (SR)   Coulomb (SR)   Coul. recip.
    1.54960e+03    1.33281e+04    3.99745e+04   -4.93709e+05    1.42137e+03
      Potential    Kinetic En.   Total Energy  Conserved En.    Temperature
   -4.26073e+05    7.78688e+04   -3.48204e+05   -3.37621e+05    3.02585e+02
 Pressure (bar)   Constr. rmsd
    1.53875e+02    0.00000e+00

           Step           Time
         251000      502.00000

   Energies (kJ/mol)
           Bond            U-B    Proper Dih.  Improper Dih.      CMAP Dih.
    1.75204e+03    4.44491e+03    5.14958e+03    2.87280e+02   -3.90147e+02
          LJ-14     Coulomb-14        LJ (SR)   Coulomb (SR)   Coul. recip.
    1.54270e+03    1.34653e+04    3.99219e+04   -4.93781e+05    1.43605e+03
      Potential    Kinetic En.   Total Energy  Conserved En.    Temperature
   -4.26171e+05    7.74692e+04   -3.48702e+05   -3.37697e+05    3.01032e+02
 Pressure (bar)   Constr. rmsd
    1.88594e+02    0.00000e+00

           Step           Time
         252000      504.00000

   Energies (kJ/mol)
           Bond            U-B    Proper Dih.  Improper Dih.      CMAP Dih.
    1.59856e+03    4.54358e+03    5.11083e+03    2.95157e+02   -4.09501e+02
          LJ-14     Coulomb-14        LJ (SR)   Coulomb (SR)   Coul. recip.
    1.53689e+03    1.33236e+04    4.01876e+04   -4.93730e+05    1.52287e+03
      Potential    Kinetic En.   Total Energy  Conserved En.    Temperature
   -4.26021e+05    7.77964e+04   -3.48224e+05   -3.37888e+05    3.02304e+02
 Pressure (bar)   Constr. rmsd
    1.34093e+02    0.00000e+00

           Step           Time
         253000      506.00000

   Energies (kJ/mol)
           Bond            U-B    Proper Dih.  Improper Dih.      CMAP Dih.
    1.79863e+03    4.58742e+03    5.10274e+03    2.74573e+02   -4.50844e+02
          LJ-14     Coulomb-14        LJ (SR)   Coulomb (SR)   Coul. recip.
    1.53727e+03    1.34463e+04    4.01670e+04   -4.93497e+05    1.47111e+03
      Potential    Kinetic En.   Total Energy  Conserved En.    Temperature
   -4.25562e+05    7.76196e+04   -3.47943e+05   -3.37833e+05    3.01617e+02
 Pressure (bar)   Constr. rmsd
    1.34884e+02    0.00000e+00

           Step           Time
         254000      508.00000

   Energies (kJ/mol)
           Bond            U-B    Proper Dih.  Improper Dih.      CMAP Dih.
    1.68486e+03    4.64564e+03    5.10368e+03    2.75090e+02   -4.53497e+02
          LJ-14     Coulomb-14        LJ (SR)   Coulomb (SR)   Coul. recip.
    1.48587e+03    1.34398e+04    3.95269e+04   -4.93159e+05    1.48409e+03
      Potential    Kinetic En.   Total Energy  Conserved En.    Temperature
   -4.25967e+05    7.82730e+04   -3.47694e+05   -3.37971e+05    3.04156e+02
 Pressure (bar)   Constr. rmsd
   -8.33112e+01    0.00000e+00

           Step           Time
         255000      510.00000

   Energies (kJ/mol)
           Bond            U-B    Proper Dih.  Improper Dih.      CMAP Dih.
    1.67449e+03    4.68702e+03    5.17007e+03    2.85492e+02   -4.39834e+02
          LJ-14     Coulomb-14        LJ (SR)   Coulomb (SR)   Coul. recip.
    1.44188e+03    1.31684e+04    3.91915e+04   -4.92156e+05    1.44371e+03
      Potential    Kinetic En.   Total Energy  Conserved En.    Temperature
   -4.25533e+05    7.76000e+04   -3.47933e+05   -3.38048e+05    3.01541e+02
 Pressure (bar)   Constr. rmsd
   -9.60529e+01    0.00000e+00

           Step           Time
         256000      512.00000

   Energies (kJ/mol)
           Bond            U-B    Proper Dih.  Improper Dih.      CMAP Dih.
    1.64250e+03    4.52127e+03    5.10202e+03    3.03003e+02   -4.61493e+02
          LJ-14     Coulomb-14        LJ (SR)   Coulomb (SR)   Coul. recip.
    1.52394e+03    1.34940e+04    4.02501e+04   -4.95280e+05    1.46794e+03
      Potential    Kinetic En.   Total Energy  Conserved En.    Temperature
   -4.27437e+05    7.77633e+04   -3.49673e+05   -3.37832e+05    3.02175e+02
 Pressure (bar)   Constr. rmsd
    1.07355e+02    0.00000e+00

           Step           Time
         257000      514.00000

   Energies (kJ/mol)
           Bond            U-B    Proper Dih.  Improper Dih.      CMAP Dih.
    1.70039e+03    4.49914e+03    5.12971e+03    3.09085e+02   -4.43900e+02
          LJ-14     Coulomb-14        LJ (SR)   Coulomb (SR)   Coul. recip.
    1.56179e+03    1.35060e+04    3.98707e+04   -4.94486e+05    1.43845e+03
      Potential    Kinetic En.   Total Energy  Conserved En.    Temperature
   -4.26914e+05    7.73661e+04   -3.49548e+05   -3.37626e+05    3.00632e+02
 Pressure (bar)   Constr. rmsd
    2.02111e+02    0.00000e+00

           Step           Time
         258000      516.00000

   Energies (kJ/mol)
           Bond            U-B    Proper Dih.  Improper Dih.      CMAP Dih.
    1.73207e+03    4.54228e+03    5.15884e+03    2.71205e+02   -4.24567e+02
          LJ-14     Coulomb-14        LJ (SR)   Coulomb (SR)   Coul. recip.
    1.51299e+03    1.34293e+04    3.97940e+04   -4.94389e+05    1.51083e+03
      Potential    Kinetic En.   Total Energy  Conserved En.    Temperature
   -4.26862e+05    7.78394e+04   -3.49023e+05   -3.37686e+05    3.02471e+02
 Pressure (bar)   Constr. rmsd
    5.70544e+01    0.00000e+00

           Step           Time
         259000      518.00000

   Energies (kJ/mol)
           Bond            U-B    Proper Dih.  Improper Dih.      CMAP Dih.
    1.70847e+03    4.39382e+03    5.14210e+03    2.75471e+02   -4.76491e+02
          LJ-14     Coulomb-14        LJ (SR)   Coulomb (SR)   Coul. recip.
    1.53929e+03    1.33036e+04    4.01206e+04   -4.94243e+05    1.52586e+03
      Potential    Kinetic En.   Total Energy  Conserved En.    Temperature
   -4.26711e+05    7.74762e+04   -3.49234e+05   -3.37933e+05    3.01060e+02
 Pressure (bar)   Constr. rmsd
    1.57156e+02    0.00000e+00

           Step           Time
         260000      520.00000

   Energies (kJ/mol)
           Bond            U-B    Proper Dih.  Improper Dih.      CMAP Dih.
    1.79962e+03    4.65372e+03    5.12469e+03    2.85206e+02   -4.02574e+02
          LJ-14     Coulomb-14        LJ (SR)   Coulomb (SR)   Coul. recip.
    1.53587e+03    1.31927e+04    3.99163e+04   -4.93206e+05    1.55237e+03
      Potential    Kinetic En.   Total Energy  Conserved En.    Temperature
   -4.25548e+05    7.67039e+04   -3.48844e+05   -3.37921e+05    2.98059e+02
 Pressure (bar)   Constr. rmsd
    3.60066e+01    0.00000e+00

           Step           Time
         261000      522.00000

   Energies (kJ/mol)
           Bond            U-B    Proper Dih.  Improper Dih.      CMAP Dih.
    1.72494e+03    4.66497e+03    5.14123e+03    3.10941e+02   -3.93116e+02
          LJ-14     Coulomb-14        LJ (SR)   Coulomb (SR)   Coul. recip.
    1.54083e+03    1.30709e+04    3.88896e+04   -4.91817e+05    1.50008e+03
      Potential    Kinetic En.   Total Energy  Conserved En.    Temperature
   -4.25367e+05    7.73058e+04   -3.48061e+05   -3.37934e+05    3.00398e+02
 Pressure (bar)   Constr. rmsd
    2.93271e+01    0.00000e+00

           Step           Time
         262000      524.00000

   Energies (kJ/mol)
           Bond            U-B    Proper Dih.  Improper Dih.      CMAP Dih.
    1.82022e+03    4.60399e+03    5.08367e+03    3.12007e+02   -4.29002e+02
          LJ-14     Coulomb-14        LJ (SR)   Coulomb (SR)   Coul. recip.
    1.53929e+03    1.32015e+04    3.95857e+04   -4.93602e+05    1.47825e+03
      Potential    Kinetic En.   Total Energy  Conserved En.    Temperature
   -4.26407e+05    7.81876e+04   -3.48219e+05   -3.38234e+05    3.03824e+02
 Pressure (bar)   Constr. rmsd
   -1.41995e+01    0.00000e+00

           Step           Time
         263000      526.00000

   Energies (kJ/mol)
           Bond            U-B    Proper Dih.  Improper Dih.      CMAP Dih.
    1.67494e+03    4.69601e+03    5.08188e+03    3.08294e+02   -4.34826e+02
          LJ-14     Coulomb-14        LJ (SR)   Coulomb (SR)   Coul. recip.
    1.49616e+03    1.33065e+04    3.96391e+04   -4.93419e+05    1.45962e+03
      Potential    Kinetic En.   Total Energy  Conserved En.    Temperature
   -4.26191e+05    7.75775e+04   -3.48614e+05   -3.38045e+05    3.01453e+02
 Pressure (bar)   Constr. rmsd
   -4.21728e+01    0.00000e+00

           Step           Time
         264000      528.00000

   Energies (kJ/mol)
           Bond            U-B    Proper Dih.  Improper Dih.      CMAP Dih.
    1.77693e+03    4.52735e+03    5.13947e+03    2.93624e+02   -4.55793e+02
          LJ-14     Coulomb-14        LJ (SR)   Coulomb (SR)   Coul. recip.
    1.54978e+03    1.34411e+04    3.90019e+04   -4.92957e+05    1.49312e+03
      Potential    Kinetic En.   Total Energy  Conserved En.    Temperature
   -4.26190e+05    7.75107e+04   -3.48679e+05   -3.38055e+05    3.01194e+02
 Pressure (bar)   Constr. rmsd
   -1.66808e+02    0.00000e+00

           Step           Time
         265000      530.00000

   Energies (kJ/mol)
           Bond            U-B    Proper Dih.  Improper Dih.      CMAP Dih.
    1.69555e+03    4.65793e+03    5.19440e+03    3.19595e+02   -4.63739e+02
          LJ-14     Coulomb-14        LJ (SR)   Coulomb (SR)   Coul. recip.
    1.48739e+03    1.32038e+04    3.80181e+04   -4.92232e+05    1.54888e+03
      Potential    Kinetic En.   Total Energy  Conserved En.    Temperature
   -4.26570e+05    7.76118e+04   -3.48958e+05   -3.37996e+05    3.01586e+02
 Pressure (bar)   Constr. rmsd
   -2.61772e+02    0.00000e+00

           Step           Time
         266000      532.00000

   Energies (kJ/mol)
           Bond            U-B    Proper Dih.  Improper Dih.      CMAP Dih.
    1.69210e+03    4.68521e+03    5.18936e+03    3.00183e+02   -4.69475e+02
          LJ-14     Coulomb-14        LJ (SR)   Coulomb (SR)   Coul. recip.
    1.47723e+03    1.34857e+04    3.99545e+04   -4.93891e+05    1.45562e+03
      Potential    Kinetic En.   Total Energy  Conserved En.    Temperature
   -4.26120e+05    7.73951e+04   -3.48725e+05   -3.37877e+05    3.00745e+02
 Pressure (bar)   Constr. rmsd
    4.57821e+01    0.00000e+00

           Step           Time
         267000      534.00000

   Energies (kJ/mol)
           Bond            U-B    Proper Dih.  Improper Dih.      CMAP Dih.
    1.88570e+03    4.65024e+03    5.11784e+03    2.88524e+02   -4.38451e+02
          LJ-14     Coulomb-14        LJ (SR)   Coulomb (SR)   Coul. recip.
    1.46274e+03    1.29978e+04    4.04843e+04   -4.94251e+05    1.45852e+03
      Potential    Kinetic En.   Total Energy  Conserved En.    Temperature
   -4.26344e+05    7.73222e+04   -3.49022e+05   -3.37937e+05    3.00461e+02
 Pressure (bar)   Constr. rmsd
    1.01815e+02    0.00000e+00

           Step           Time
         268000      536.00000

   Energies (kJ/mol)
           Bond            U-B    Proper Dih.  Improper Dih.      CMAP Dih.
    1.73042e+03    4.69830e+03    5.11665e+03    3.02974e+02   -4.40990e+02
          LJ-14     Coulomb-14        LJ (SR)   Coulomb (SR)   Coul. recip.
    1.53604e+03    1.32818e+04    4.00183e+04   -4.93294e+05    1.51217e+03
      Potential    Kinetic En.   Total Energy  Conserved En.    Temperature
   -4.25539e+05    7.76633e+04   -3.47875e+05   -3.38179e+05    3.01786e+02
 Pressure (bar)   Constr. rmsd
    1.91177e+02    0.00000e+00

           Step           Time
         269000      538.00000

   Energies (kJ/mol)
           Bond            U-B    Proper Dih.  Improper Dih.      CMAP Dih.
    1.80084e+03    4.67304e+03    5.10681e+03    3.03018e+02   -4.34544e+02
          LJ-14     Coulomb-14        LJ (SR)   Coulomb (SR)   Coul. recip.
    1.46371e+03    1.32766e+04    4.04950e+04   -4.94197e+05    1.53237e+03
      Potential    Kinetic En.   Total Energy  Conserved En.    Temperature
   -4.25980e+05    7.74329e+04   -3.48547e+05   -3.38072e+05    3.00891e+02
 Pressure (bar)   Constr. rmsd
    7.26097e+01    0.00000e+00

           Step           Time
         270000      540.00000

   Energies (kJ/mol)
           Bond            U-B    Proper Dih.  Improper Dih.      CMAP Dih.
    1.72878e+03    4.52009e+03    5.13866e+03    2.82140e+02   -4.51003e+02
          LJ-14     Coulomb-14        LJ (SR)   Coulomb (SR)   Coul. recip.
    1.51519e+03    1.32433e+04    3.92732e+04   -4.93485e+05    1.49030e+03
      Potential    Kinetic En.   Total Energy  Conserved En.    Temperature
   -4.26745e+05    7.85510e+04   -3.48194e+05   -3.37933e+05    3.05236e+02
 Pressure (bar)   Constr. rmsd
   -1.07196e+01    0.00000e+00

           Step           Time
         271000      542.00000

   Energies (kJ/mol)
           Bond            U-B    Proper Dih.  Improper Dih.      CMAP Dih.
    1.79086e+03    4.54967e+03    5.10942e+03    2.93876e+02   -3.94928e+02
          LJ-14     Coulomb-14        LJ (SR)   Coulomb (SR)   Coul. recip.
    1.44652e+03    1.32212e+04    3.86961e+04   -4.92025e+05    1.48985e+03
      Potential    Kinetic En.   Total Energy  Conserved En.    Temperature
   -4.25823e+05    7.81471e+04   -3.47676e+05   -3.37933e+05    3.03667e+02
 Pressure (bar)   Constr. rmsd
   -1.53619e+02    0.00000e+00

           Step           Time
         272000      544.00000

   Energies (kJ/mol)
           Bond            U-B    Proper Dih.  Improper Dih.      CMAP Dih.
    1.78861e+03    4.56826e+03    5.21419e+03    2.71294e+02   -4.67385e+02
          LJ-14     Coulomb-14        LJ (SR)   Coulomb (SR)   Coul. recip.
    1.41145e+03    1.31711e+04    3.88748e+04   -4.93117e+05    1.50123e+03
      Potential    Kinetic En.   Total Energy  Conserved En.    Temperature
   -4.26783e+05    7.78954e+04   -3.48888e+05   -3.38029e+05    3.02689e+02
 Pressure (bar)   Constr. rmsd
   -2.11071e+02    0.00000e+00

           Step           Time
         273000      546.00000

   Energies (kJ/mol)
           Bond            U-B    Proper Dih.  Improper Dih.      CMAP Dih.
    1.67794e+03    4.58671e+03    5.03639e+03    2.41825e+02   -4.17825e+02
          LJ-14     Coulomb-14        LJ (SR)   Coulomb (SR)   Coul. recip.
    1.52239e+03    1.32035e+04    3.89127e+04   -4.92067e+05    1.47416e+03
      Potential    Kinetic En.   Total Energy  Conserved En.    Temperature
   -4.25829e+05    7.82198e+04   -3.47609e+05   -3.38118e+05    3.03949e+02
 Pressure (bar)   Constr. rmsd
   -9.19968e+01    0.00000e+00

           Step           Time
         274000      548.00000

   Energies (kJ/mol)
           Bond            U-B    Proper Dih.  Improper Dih.      CMAP Dih.
    1.74563e+03    4.72189e+03    5.11141e+03    3.01908e+02   -4.69886e+02
          LJ-14     Coulomb-14        LJ (SR)   Coulomb (SR)   Coul. recip.
    1.51600e+03    1.31849e+04    3.94414e+04   -4.92966e+05    1.41271e+03
      Potential    Kinetic En.   Total Energy  Conserved En.    Temperature
   -4.26000e+05    7.79181e+04   -3.48082e+05   -3.38116e+05    3.02777e+02
 Pressure (bar)   Constr. rmsd
    3.28050e+01    0.00000e+00

           Step           Time
         275000      550.00000

   Energies (kJ/mol)
           Bond            U-B    Proper Dih.  Improper Dih.      CMAP Dih.
    1.79455e+03    4.68612e+03    5.15414e+03    3.01071e+02   -4.80365e+02
          LJ-14     Coulomb-14        LJ (SR)   Coulomb (SR)   Coul. recip.
    1.44772e+03    1.33736e+04    3.87668e+04   -4.92199e+05    1.50646e+03
      Potential    Kinetic En.   Total Energy  Conserved En.    Temperature
   -4.25649e+05    7.79415e+04   -3.47707e+05   -3.38057e+05    3.02868e+02
 Pressure (bar)   Constr. rmsd
   -1.89266e+02    0.00000e+00

           Step           Time
         276000      552.00000

   Energies (kJ/mol)
           Bond            U-B    Proper Dih.  Improper Dih.      CMAP Dih.
    1.67567e+03    4.57912e+03    5.07621e+03    2.68126e+02   -4.32022e+02
          LJ-14     Coulomb-14        LJ (SR)   Coulomb (SR)   Coul. recip.
    1.49552e+03    1.33406e+04    4.00288e+04   -4.93628e+05    1.49987e+03
      Potential    Kinetic En.   Total Energy  Conserved En.    Temperature
   -4.26096e+05    7.80431e+04   -3.48053e+05   -3.38257e+05    3.03262e+02
 Pressure (bar)   Constr. rmsd
    4.12197e+01    0.00000e+00

           Step           Time
         277000      554.00000

   Energies (kJ/mol)
           Bond            U-B    Proper Dih.  Improper Dih.      CMAP Dih.
    1.67528e+03    4.55711e+03    5.24824e+03    2.96954e+02   -4.58503e+02
          LJ-14     Coulomb-14        LJ (SR)   Coulomb (SR)   Coul. recip.
    1.49901e+03    1.34850e+04    3.98387e+04   -4.93628e+05    1.52773e+03
      Potential    Kinetic En.   Total Energy  Conserved En.    Temperature
   -4.25959e+05    7.82563e+04   -3.47702e+05   -3.38122e+05    3.04091e+02
 Pressure (bar)   Constr. rmsd
   -6.99308e+00    0.00000e+00

           Step           Time
         278000      556.00000

   Energies (kJ/mol)
           Bond            U-B    Proper Dih.  Improper Dih.      CMAP Dih.
    1.72951e+03    4.58460e+03    5.04272e+03    3.08505e+02   -4.20023e+02
          LJ-14     Coulomb-14        LJ (SR)   Coulomb (SR)   Coul. recip.
    1.53940e+03    1.33554e+04    3.98504e+04   -4.93861e+05    1.45424e+03
      Potential    Kinetic En.   Total Energy  Conserved En.    Temperature
   -4.26417e+05    7.80588e+04   -3.48358e+05   -3.38092e+05    3.03323e+02
 Pressure (bar)   Constr. rmsd
    8.10991e+01    0.00000e+00

           Step           Time
         279000      558.00000

   Energies (kJ/mol)
           Bond            U-B    Proper Dih.  Improper Dih.      CMAP Dih.
    1.71518e+03    4.65003e+03    5.05669e+03    2.67234e+02   -4.33650e+02
          LJ-14     Coulomb-14        LJ (SR)   Coulomb (SR)   Coul. recip.
    1.48204e+03    1.33491e+04    3.95903e+04   -4.92802e+05    1.48960e+03
      Potential    Kinetic En.   Total Energy  Conserved En.    Temperature
   -4.25635e+05    7.78420e+04   -3.47793e+05   -3.38098e+05    3.02481e+02
 Pressure (bar)   Constr. rmsd
   -8.17247e+01    0.00000e+00

           Step           Time
         280000      560.00000

   Energies (kJ/mol)
           Bond            U-B    Proper Dih.  Improper Dih.      CMAP Dih.
    1.63377e+03    4.69465e+03    5.13892e+03    3.39977e+02   -4.38949e+02
          LJ-14     Coulomb-14        LJ (SR)   Coulomb (SR)   Coul. recip.
    1.50267e+03    1.32367e+04    3.91982e+04   -4.92755e+05    1.44817e+03
      Potential    Kinetic En.   Total Energy  Conserved En.    Temperature
   -4.26001e+05    7.75198e+04   -3.48481e+05   -3.38024e+05    3.01229e+02
 Pressure (bar)   Constr. rmsd
    2.02979e+01    0.00000e+00

           Step           Time
         281000      562.00000

   Energies (kJ/mol)
           Bond            U-B    Proper Dih.  Improper Dih.      CMAP Dih.
    1.80321e+03    4.63966e+03    5.14594e+03    3.03718e+02   -4.52120e+02
          LJ-14     Coulomb-14        LJ (SR)   Coulomb (SR)   Coul. recip.
    1.45178e+03    1.32273e+04    3.93387e+04   -4.92569e+05    1.54125e+03
      Potential    Kinetic En.   Total Energy  Conserved En.    Temperature
   -4.25570e+05    7.88599e+04   -3.46710e+05   -3.38013e+05    3.06437e+02
 Pressure (bar)   Constr. rmsd
    4.88970e+01    0.00000e+00

           Step           Time
         282000      564.00000

   Energies (kJ/mol)
           Bond            U-B    Proper Dih.  Improper Dih.      CMAP Dih.
    1.85687e+03    4.60248e+03    5.13722e+03    2.84179e+02   -4.21320e+02
          LJ-14     Coulomb-14        LJ (SR)   Coulomb (SR)   Coul. recip.
    1.48654e+03    1.32809e+04    3.92424e+04   -4.92293e+05    1.59823e+03
      Potential    Kinetic En.   Total Energy  Conserved En.    Temperature
   -4.25225e+05    7.79540e+04   -3.47271e+05   -3.38229e+05    3.02916e+02
 Pressure (bar)   Constr. rmsd
   -8.55930e+01    0.00000e+00

           Step           Time
         283000      566.00000

   Energies (kJ/mol)
           Bond            U-B    Proper Dih.  Improper Dih.      CMAP Dih.
    1.77892e+03    4.59479e+03    5.09267e+03    2.97785e+02   -4.10876e+02
          LJ-14     Coulomb-14        LJ (SR)   Coulomb (SR)   Coul. recip.
    1.50415e+03    1.32744e+04    3.93673e+04   -4.92807e+05    1.46887e+03
      Potential    Kinetic En.   Total Energy  Conserved En.    Temperature
   -4.25839e+05    7.84292e+04   -3.47410e+05   -3.38252e+05    3.04763e+02
 Pressure (bar)   Constr. rmsd
   -1.00142e+02    0.00000e+00

           Step           Time
         284000      568.00000

   Energies (kJ/mol)
           Bond            U-B    Proper Dih.  Improper Dih.      CMAP Dih.
    1.77750e+03    4.61141e+03    5.13544e+03    2.81635e+02   -4.35422e+02
          LJ-14     Coulomb-14        LJ (SR)   Coulomb (SR)   Coul. recip.
    1.43461e+03    1.34015e+04    3.85641e+04   -4.92092e+05    1.47263e+03
      Potential    Kinetic En.   Total Energy  Conserved En.    Temperature
   -4.25848e+05    7.72112e+04   -3.48637e+05   -3.38310e+05    3.00030e+02
 Pressure (bar)   Constr. rmsd
   -2.67419e+02    0.00000e+00

           Step           Time
         285000      570.00000

   Energies (kJ/mol)
           Bond            U-B    Proper Dih.  Improper Dih.      CMAP Dih.
    1.71248e+03    4.32446e+03    5.05943e+03    3.01922e+02   -4.19694e+02
          LJ-14     Coulomb-14        LJ (SR)   Coulomb (SR)   Coul. recip.
    1.50028e+03    1.33851e+04    4.02309e+04   -4.93844e+05    1.52378e+03
      Potential    Kinetic En.   Total Energy  Conserved En.    Temperature
   -4.26225e+05    7.78867e+04   -3.48339e+05   -3.38363e+05    3.02655e+02
 Pressure (bar)   Constr. rmsd
   -8.10950e+00    0.00000e+00

           Step           Time
         286000      572.00000

   Energies (kJ/mol)
           Bond            U-B    Proper Dih.  Improper Dih.      CMAP Dih.
    1.63071e+03    4.65940e+03    5.09642e+03    3.03908e+02   -4.33695e+02
          LJ-14     Coulomb-14        LJ (SR)   Coulomb (SR)   Coul. recip.
    1.52305e+03    1.33234e+04    3.99074e+04   -4.93010e+05    1.48726e+03
      Potential    Kinetic En.   Total Energy  Conserved En.    Temperature
   -4.25512e+05    7.79632e+04   -3.47549e+05   -3.38342e+05    3.02952e+02
 Pressure (bar)   Constr. rmsd
    2.19805e+02    0.00000e+00

           Step           Time
         287000      574.00000

   Energies (kJ/mol)
           Bond            U-B    Proper Dih.  Improper Dih.      CMAP Dih.
    1.85616e+03    4.79945e+03    5.08959e+03    3.09671e+02   -4.64576e+02
          LJ-14     Coulomb-14        LJ (SR)   Coulomb (SR)   Coul. recip.
    1.52626e+03    1.32852e+04    3.96839e+04   -4.93091e+05    1.53249e+03
      Potential    Kinetic En.   Total Energy  Conserved En.    Temperature
   -4.25472e+05    7.77937e+04   -3.47679e+05   -3.38269e+05    3.02293e+02
 Pressure (bar)   Constr. rmsd
   -2.59395e+01    0.00000e+00

           Step           Time
         288000      576.00000

   Energies (kJ/mol)
           Bond            U-B    Proper Dih.  Improper Dih.      CMAP Dih.
    1.78422e+03    4.46187e+03    5.16501e+03    3.05268e+02   -4.16532e+02
          LJ-14     Coulomb-14        LJ (SR)   Coulomb (SR)   Coul. recip.
    1.52210e+03    1.35419e+04    3.85515e+04   -4.92055e+05    1.46198e+03
      Potential    Kinetic En.   Total Energy  Conserved En.    Temperature
   -4.25678e+05    7.76635e+04   -3.48015e+05   -3.38420e+05    3.01787e+02
 Pressure (bar)   Constr. rmsd
   -9.61982e+01    0.00000e+00

           Step           Time
         289000      578.00000

   Energies (kJ/mol)
           Bond            U-B    Proper Dih.  Improper Dih.      CMAP Dih.
    1.69809e+03    4.93401e+03    5.16126e+03    2.76250e+02   -4.92198e+02
          LJ-14     Coulomb-14        LJ (SR)   Coulomb (SR)   Coul. recip.
    1.49564e+03    1.32644e+04    3.92020e+04   -4.92204e+05    1.54064e+03
      Potential    Kinetic En.   Total Energy  Conserved En.    Temperature
   -4.25124e+05    7.77580e+04   -3.47366e+05   -3.38342e+05    3.02155e+02
 Pressure (bar)   Constr. rmsd
   -3.97225e+01    0.00000e+00

           Step           Time
         290000      580.00000

   Energies (kJ/mol)
           Bond            U-B    Proper Dih.  Improper Dih.      CMAP Dih.
    1.74199e+03    4.69548e+03    5.14220e+03    2.77419e+02   -4.73763e+02
          LJ-14     Coulomb-14        LJ (SR)   Coulomb (SR)   Coul. recip.
    1.46755e+03    1.32757e+04    3.86874e+04   -4.91683e+05    1.52592e+03
      Potential    Kinetic En.   Total Energy  Conserved En.    Temperature
   -4.25343e+05    7.76840e+04   -3.47659e+05   -3.38236e+05    3.01867e+02
 Pressure (bar)   Constr. rmsd
   -3.01844e+01    0.00000e+00

           Step           Time
         291000      582.00000

   Energies (kJ/mol)
           Bond            U-B    Proper Dih.  Improper Dih.      CMAP Dih.
    1.82840e+03    4.62044e+03    5.03075e+03    3.01401e+02   -4.28472e+02
          LJ-14     Coulomb-14        LJ (SR)   Coulomb (SR)   Coul. recip.
    1.45439e+03    1.34936e+04    3.98685e+04   -4.93279e+05    1.49666e+03
      Potential    Kinetic En.   Total Energy  Conserved En.    Temperature
   -4.25614e+05    7.82936e+04   -3.47320e+05   -3.38183e+05    3.04236e+02
 Pressure (bar)   Constr. rmsd
    1.77597e+01    0.00000e+00

           Step           Time
         292000      584.00000

   Energies (kJ/mol)
           Bond            U-B    Proper Dih.  Improper Dih.      CMAP Dih.
    1.66425e+03    4.68357e+03    5.08517e+03    2.61054e+02   -4.86551e+02
          LJ-14     Coulomb-14        LJ (SR)   Coulomb (SR)   Coul. recip.
    1.47163e+03    1.32911e+04    3.93318e+04   -4.92286e+05    1.51814e+03
      Potential    Kinetic En.   Total Energy  Conserved En.    Temperature
   -4.25466e+05    7.82648e+04   -3.47201e+05   -3.38370e+05    3.04124e+02
 Pressure (bar)   Constr. rmsd
    1.41688e+02    0.00000e+00

           Step           Time
         293000      586.00000

   Energies (kJ/mol)
           Bond            U-B    Proper Dih.  Improper Dih.      CMAP Dih.
    1.64945e+03    4.47922e+03    5.10394e+03    2.88741e+02   -4.72422e+02
          LJ-14     Coulomb-14        LJ (SR)   Coulomb (SR)   Coul. recip.
    1.53850e+03    1.33415e+04    3.92114e+04   -4.92563e+05    1.51430e+03
      Potential    Kinetic En.   Total Energy  Conserved En.    Temperature
   -4.25908e+05    7.68574e+04   -3.49051e+05   -3.38395e+05    2.98655e+02
 Pressure (bar)   Constr. rmsd
   -2.67669e+01    0.00000e+00

           Step           Time
         294000      588.00000

   Energies (kJ/mol)
           Bond            U-B    Proper Dih.  Improper Dih.      CMAP Dih.
    1.75415e+03    4.66421e+03    5.09176e+03    2.89642e+02   -4.97672e+02
          LJ-14     Coulomb-14        LJ (SR)   Coulomb (SR)   Coul. recip.
    1.45654e+03    1.34726e+04    3.90650e+04   -4.92138e+05    1.48874e+03
      Potential    Kinetic En.   Total Energy  Conserved En.    Temperature
   -4.25353e+05    7.80665e+04   -3.47286e+05   -3.38263e+05    3.03353e+02
 Pressure (bar)   Constr. rmsd
   -1.01598e+01    0.00000e+00

           Step           Time
         295000      590.00000

   Energies (kJ/mol)
           Bond            U-B    Proper Dih.  Improper Dih.      CMAP Dih.
    1.92222e+03    4.60856e+03    5.15134e+03    2.84208e+02   -4.26207e+02
          LJ-14     Coulomb-14        LJ (SR)   Coulomb (SR)   Coul. recip.
    1.42269e+03    1.33926e+04    3.99642e+04   -4.93532e+05    1.51715e+03
      Potential    Kinetic En.   Total Energy  Conserved En.    Temperature
   -4.25695e+05    7.82182e+04   -3.47477e+05   -3.38211e+05    3.03943e+02
 Pressure (bar)   Constr. rmsd
   -2.68264e+01    0.00000e+00

           Step           Time
         296000      592.00000

   Energies (kJ/mol)
           Bond            U-B    Proper Dih.  Improper Dih.      CMAP Dih.
    1.71969e+03    4.71247e+03    5.11287e+03    3.04137e+02   -4.89212e+02
          LJ-14     Coulomb-14        LJ (SR)   Coulomb (SR)   Coul. recip.
    1.53841e+03    1.34146e+04    3.89224e+04   -4.92315e+05    1.52459e+03
      Potential    Kinetic En.   Total Energy  Conserved En.    Temperature
   -4.25555e+05    7.83559e+04   -3.47199e+05   -3.38255e+05    3.04478e+02
 Pressure (bar)   Constr. rmsd
    2.94914e+01    0.00000e+00

           Step           Time
         297000      594.00000

   Energies (kJ/mol)
           Bond            U-B    Proper Dih.  Improper Dih.      CMAP Dih.
    1.68685e+03    4.69011e+03    5.09719e+03    3.06500e+02   -4.72689e+02
          LJ-14     Coulomb-14        LJ (SR)   Coulomb (SR)   Coul. recip.
    1.51362e+03    1.33924e+04    4.05740e+04   -4.94190e+05    1.52444e+03
      Potential    Kinetic En.   Total Energy  Conserved En.    Temperature
   -4.25878e+05    7.79864e+04   -3.47892e+05   -3.38567e+05    3.03042e+02
 Pressure (bar)   Constr. rmsd
    1.67132e+02    0.00000e+00

           Step           Time
         298000      596.00000

   Energies (kJ/mol)
           Bond            U-B    Proper Dih.  Improper Dih.      CMAP Dih.
    1.80508e+03    4.52495e+03    5.05227e+03    3.07070e+02   -4.78928e+02
          LJ-14     Coulomb-14        LJ (SR)   Coulomb (SR)   Coul. recip.
    1.48965e+03    1.34649e+04    3.97088e+04   -4.93021e+05    1.53045e+03
      Potential    Kinetic En.   Total Energy  Conserved En.    Temperature
   -4.25617e+05    7.82551e+04   -3.47361e+05   -3.38375e+05    3.04086e+02
 Pressure (bar)   Constr. rmsd
    3.70999e+01    0.00000e+00

           Step           Time
         299000      598.00000

   Energies (kJ/mol)
           Bond            U-B    Proper Dih.  Improper Dih.      CMAP Dih.
    1.68378e+03    4.56860e+03    5.07949e+03    3.16504e+02   -4.53163e+02
          LJ-14     Coulomb-14        LJ (SR)   Coulomb (SR)   Coul. recip.
    1.51488e+03    1.36064e+04    3.90226e+04   -4.92538e+05    1.44204e+03
      Potential    Kinetic En.   Total Energy  Conserved En.    Temperature
   -4.25757e+05    7.79309e+04   -3.47826e+05   -3.38372e+05    3.02826e+02
 Pressure (bar)   Constr. rmsd
    1.43386e+02    0.00000e+00

           Step           Time
         300000      600.00000

   Energies (kJ/mol)
           Bond            U-B    Proper Dih.  Improper Dih.      CMAP Dih.
    1.71560e+03    4.43908e+03    5.08514e+03    3.06486e+02   -4.81822e+02
          LJ-14     Coulomb-14        LJ (SR)   Coulomb (SR)   Coul. recip.
    1.46983e+03    1.34094e+04    3.96417e+04   -4.93753e+05    1.51926e+03
      Potential    Kinetic En.   Total Energy  Conserved En.    Temperature
   -4.26648e+05    7.78370e+04   -3.48811e+05   -3.38402e+05    3.02461e+02
 Pressure (bar)   Constr. rmsd
   -3.45819e+01    0.00000e+00

           Step           Time
         301000      602.00000

   Energies (kJ/mol)
           Bond            U-B    Proper Dih.  Improper Dih.      CMAP Dih.
    1.74128e+03    4.64063e+03    5.16122e+03    3.15561e+02   -4.73464e+02
          LJ-14     Coulomb-14        LJ (SR)   Coulomb (SR)   Coul. recip.
    1.44817e+03    1.33281e+04    3.92139e+04   -4.93137e+05    1.48994e+03
      Potential    Kinetic En.   Total Energy  Conserved En.    Temperature
   -4.26272e+05    7.77409e+04   -3.48531e+05   -3.38488e+05    3.02088e+02
 Pressure (bar)   Constr. rmsd
   -3.73859e+01    0.00000e+00

           Step           Time
         302000      604.00000

   Energies (kJ/mol)
           Bond            U-B    Proper Dih.  Improper Dih.      CMAP Dih.
    1.82455e+03    4.74679e+03    5.09620e+03    2.97883e+02   -4.73485e+02
          LJ-14     Coulomb-14        LJ (SR)   Coulomb (SR)   Coul. recip.
    1.45040e+03    1.33934e+04    3.83904e+04   -4.91888e+05    1.46414e+03
      Potential    Kinetic En.   Total Energy  Conserved En.    Temperature
   -4.25698e+05    7.74628e+04   -3.48235e+05   -3.38586e+05    3.01007e+02
 Pressure (bar)   Constr. rmsd
   -4.21154e+02    0.00000e+00

           Step           Time
         303000      606.00000

   Energies (kJ/mol)
           Bond            U-B    Proper Dih.  Improper Dih.      CMAP Dih.
    1.76219e+03    4.63577e+03    5.08541e+03    2.77721e+02   -4.51320e+02
          LJ-14     Coulomb-14        LJ (SR)   Coulomb (SR)   Coul. recip.
    1.54305e+03    1.34512e+04    3.99970e+04   -4.94044e+05    1.50360e+03
      Potential    Kinetic En.   Total Energy  Conserved En.    Temperature
   -4.26239e+05    7.74347e+04   -3.48805e+05   -3.38431e+05    3.00898e+02
 Pressure (bar)   Constr. rmsd
    1.03825e+02    0.00000e+00

           Step           Time
         304000      608.00000

   Energies (kJ/mol)
           Bond            U-B    Proper Dih.  Improper Dih.      CMAP Dih.
    1.70175e+03    4.64831e+03    4.99728e+03    2.50091e+02   -4.39693e+02
          LJ-14     Coulomb-14        LJ (SR)   Coulomb (SR)   Coul. recip.
    1.46886e+03    1.34182e+04    3.99731e+04   -4.93780e+05    1.51240e+03
      Potential    Kinetic En.   Total Energy  Conserved En.    Temperature
   -4.26249e+05    7.75680e+04   -3.48682e+05   -3.38416e+05    3.01416e+02
 Pressure (bar)   Constr. rmsd
    1.05586e+02    0.00000e+00

           Step           Time
         305000      610.00000

   Energies (kJ/mol)
           Bond            U-B    Proper Dih.  Improper Dih.      CMAP Dih.
    1.75208e+03    4.61986e+03    5.11149e+03    2.82280e+02   -4.43146e+02
          LJ-14     Coulomb-14        LJ (SR)   Coulomb (SR)   Coul. recip.
    1.52497e+03    1.33408e+04    3.92846e+04   -4.93605e+05    1.48152e+03
      Potential    Kinetic En.   Total Energy  Conserved En.    Temperature
   -4.26651e+05    7.83106e+04   -3.48340e+05   -3.38393e+05    3.04302e+02
 Pressure (bar)   Constr. rmsd
    1.43706e+01    0.00000e+00

           Step           Time
         306000      612.00000

   Energies (kJ/mol)
           Bond            U-B    Proper Dih.  Improper Dih.      CMAP Dih.
    1.75788e+03    4.81764e+03    5.06635e+03    3.07081e+02   -4.64711e+02
          LJ-14     Coulomb-14        LJ (SR)   Coulomb (SR)   Coul. recip.
    1.43520e+03    1.33561e+04    3.89299e+04   -4.92355e+05    1.47232e+03
      Potential    Kinetic En.   Total Energy  Conserved En.    Temperature
   -4.25677e+05    7.67344e+04   -3.48942e+05   -3.38413e+05    2.98177e+02
 Pressure (bar)   Constr. rmsd
   -3.22298e+02    0.00000e+00

           Step           Time
         307000      614.00000

   Energies (kJ/mol)
           Bond            U-B    Proper Dih.  Improper Dih.      CMAP Dih.
    1.59578e+03    4.64239e+03    5.15204e+03    2.71878e+02   -4.35519e+02
          LJ-14     Coulomb-14        LJ (SR)   Coulomb (SR)   Coul. recip.
    1.56263e+03    1.35758e+04    3.94103e+04   -4.93597e+05    1.42757e+03
      Potential    Kinetic En.   Total Energy  Conserved En.    Temperature
   -4.26394e+05    7.79166e+04   -3.48478e+05   -3.38516e+05    3.02771e+02
 Pressure (bar)   Constr. rmsd
    3.48869e+01    0.00000e+00

           Step           Time
         308000      616.00000

   Energies (kJ/mol)
           Bond            U-B    Proper Dih.  Improper Dih.      CMAP Dih.
    1.80472e+03    4.66184e+03    5.11491e+03    2.78359e+02   -4.74489e+02
          LJ-14     Coulomb-14        LJ (SR)   Coulomb (SR)   Coul. recip.
    1.53248e+03    1.33337e+04    3.92983e+04   -4.93921e+05    1.48089e+03
      Potential    Kinetic En.   Total Energy  Conserved En.    Temperature
   -4.26891e+05    7.80718e+04   -3.48819e+05   -3.38220e+05    3.03374e+02
 Pressure (bar)   Constr. rmsd
   -3.80444e+01    0.00000e+00

           Step           Time
         309000      618.00000

   Energies (kJ/mol)
           Bond            U-B    Proper Dih.  Improper Dih.      CMAP Dih.
    1.79319e+03    4.73605e+03    5.10410e+03    3.41054e+02   -4.80062e+02
          LJ-14     Coulomb-14        LJ (SR)   Coulomb (SR)   Coul. recip.
    1.47204e+03    1.36233e+04    4.01772e+04   -4.93834e+05    1.51252e+03
      Potential    Kinetic En.   Total Energy  Conserved En.    Temperature
   -4.25554e+05    7.76588e+04   -3.47895e+05   -3.38156e+05    3.01769e+02
 Pressure (bar)   Constr. rmsd
    1.40388e+02    0.00000e+00

           Step           Time
         310000      620.00000

   Energies (kJ/mol)
           Bond            U-B    Proper Dih.  Improper Dih.      CMAP Dih.
    1.74807e+03    4.73287e+03    5.05554e+03    2.71742e+02   -4.23608e+02
          LJ-14     Coulomb-14        LJ (SR)   Coulomb (SR)   Coul. recip.
    1.50623e+03    1.35330e+04    3.94151e+04   -4.93084e+05    1.51802e+03
      Potential    Kinetic En.   Total Energy  Conserved En.    Temperature
   -4.25727e+05    7.78516e+04   -3.47876e+05   -3.38234e+05    3.02518e+02
 Pressure (bar)   Constr. rmsd
    6.23799e+01    0.00000e+00

           Step           Time
         311000      622.00000

   Energies (kJ/mol)
           Bond            U-B    Proper Dih.  Improper Dih.      CMAP Dih.
    1.71244e+03    4.58032e+03    5.05159e+03    3.28443e+02   -4.00813e+02
          LJ-14     Coulomb-14        LJ (SR)   Coulomb (SR)   Coul. recip.
    1.48312e+03    1.32177e+04    3.93353e+04   -4.93702e+05    1.46583e+03
      Potential    Kinetic En.   Total Energy  Conserved En.    Temperature
   -4.26928e+05    7.79452e+04   -3.48983e+05   -3.38339e+05    3.02882e+02
 Pressure (bar)   Constr. rmsd
   -8.79707e+01    0.00000e+00

           Step           Time
         312000      624.00000

   Energies (kJ/mol)
           Bond            U-B    Proper Dih.  Improper Dih.      CMAP Dih.
    1.65559e+03    4.57269e+03    5.09304e+03    2.69174e+02   -4.47566e+02
          LJ-14     Coulomb-14        LJ (SR)   Coulomb (SR)   Coul. recip.
    1.46885e+03    1.34733e+04    3.86990e+04   -4.92007e+05    1.47800e+03
      Potential    Kinetic En.   Total Energy  Conserved En.    Temperature
   -4.25745e+05    7.78223e+04   -3.47923e+05   -3.38466e+05    3.02404e+02
 Pressure (bar)   Constr. rmsd
   -1.75422e+02    0.00000e+00

           Step           Time
         313000      626.00000

   Energies (kJ/mol)
           Bond            U-B    Proper Dih.  Improper Dih.      CMAP Dih.
    1.86995e+03    4.56868e+03    5.03436e+03    3.09849e+02   -4.38299e+02
          LJ-14     Coulomb-14        LJ (SR)   Coulomb (SR)   Coul. recip.
    1.49491e+03    1.31579e+04    3.95078e+04   -4.93164e+05    1.46111e+03
      Potential    Kinetic En.   Total Energy  Conserved En.    Temperature
   -4.26198e+05    7.87012e+04   -3.47497e+05   -3.38307e+05    3.05820e+02
 Pressure (bar)   Constr. rmsd
    1.83810e+01    0.00000e+00

           Step           Time
         314000      628.00000

   Energies (kJ/mol)
           Bond            U-B    Proper Dih.  Improper Dih.      CMAP Dih.
    1.70233e+03    4.51278e+03    5.07838e+03    2.47341e+02   -4.49564e+02
          LJ-14     Coulomb-14        LJ (SR)   Coulomb (SR)   Coul. recip.
    1.51397e+03    1.34998e+04    3.89549e+04   -4.92922e+05    1.57951e+03
      Potential    Kinetic En.   Total Energy  Conserved En.    Temperature
   -4.26283e+05    7.78615e+04   -3.48421e+05   -3.38394e+05    3.02557e+02
 Pressure (bar)   Constr. rmsd
   -8.68479e+01    0.00000e+00

           Step           Time
         315000      630.00000

   Energies (kJ/mol)
           Bond            U-B    Proper Dih.  Improper Dih.      CMAP Dih.
    1.88016e+03    4.52225e+03    5.16893e+03    2.81285e+02   -4.65655e+02
          LJ-14     Coulomb-14        LJ (SR)   Coulomb (SR)   Coul. recip.
    1.42397e+03    1.34482e+04    3.94191e+04   -4.93346e+05    1.50927e+03
      Potential    Kinetic En.   Total Energy  Conserved En.    Temperature
   -4.26158e+05    7.82840e+04   -3.47874e+05   -3.38433e+05    3.04199e+02
 Pressure (bar)   Constr. rmsd
   -1.66309e+01    0.00000e+00

           Step           Time
         316000      632.00000

   Energies (kJ/mol)
           Bond            U-B    Proper Dih.  Improper Dih.      CMAP Dih.
    1.79796e+03    4.80667e+03    5.11886e+03    3.00761e+02   -5.09746e+02
          LJ-14     Coulomb-14        LJ (SR)   Coulomb (SR)   Coul. recip.
    1.46347e+03    1.32574e+04    3.85761e+04   -4.90824e+05    1.49051e+03
      Potential    Kinetic En.   Total Energy  Conserved En.    Temperature
   -4.24522e+05    7.87366e+04   -3.45786e+05   -3.38392e+05    3.05957e+02
 Pressure (bar)   Constr. rmsd
   -8.18418e+00    0.00000e+00

           Step           Time
         317000      634.00000

   Energies (kJ/mol)
           Bond            U-B    Proper Dih.  Improper Dih.      CMAP Dih.
    1.66633e+03    4.62112e+03    5.16542e+03    3.01723e+02   -4.62524e+02
          LJ-14     Coulomb-14        LJ (SR)   Coulomb (SR)   Coul. recip.
    1.51002e+03    1.35388e+04    3.99167e+04   -4.93587e+05    1.46730e+03
      Potential    Kinetic En.   Total Energy  Conserved En.    Temperature
   -4.25862e+05    7.88269e+04   -3.47035e+05   -3.38592e+05    3.06308e+02
 Pressure (bar)   Constr. rmsd
    1.01740e+02    0.00000e+00

           Step           Time
         318000      636.00000

   Energies (kJ/mol)
           Bond            U-B    Proper Dih.  Improper Dih.      CMAP Dih.
    1.74584e+03    4.68433e+03    5.09223e+03    3.28291e+02   -4.02972e+02
          LJ-14     Coulomb-14        LJ (SR)   Coulomb (SR)   Coul. recip.
    1.49569e+03    1.32116e+04    3.92668e+04   -4.92537e+05    1.48391e+03
      Potential    Kinetic En.   Total Energy  Conserved En.    Temperature
   -4.25631e+05    7.77214e+04   -3.47910e+05   -3.38643e+05    3.02012e+02
 Pressure (bar)   Constr. rmsd
    4.68483e+01    0.00000e+00

           Step           Time
         319000      638.00000

   Energies (kJ/mol)
           Bond            U-B    Proper Dih.  Improper Dih.      CMAP Dih.
    1.69144e+03    4.57009e+03    5.10817e+03    3.20843e+02   -4.76692e+02
          LJ-14     Coulomb-14        LJ (SR)   Coulomb (SR)   Coul. recip.
    1.47583e+03    1.36429e+04    3.97583e+04   -4.93342e+05    1.50177e+03
      Potential    Kinetic En.   Total Energy  Conserved En.    Temperature
   -4.25749e+05    7.83682e+04   -3.47381e+05   -3.38515e+05    3.04526e+02
 Pressure (bar)   Constr. rmsd
   -1.40071e+01    0.00000e+00

           Step           Time
         320000      640.00000

   Energies (kJ/mol)
           Bond            U-B    Proper Dih.  Improper Dih.      CMAP Dih.
    1.69871e+03    4.64305e+03    5.20550e+03    3.44441e+02   -4.40413e+02
          LJ-14     Coulomb-14        LJ (SR)   Coulomb (SR)   Coul. recip.
    1.51786e+03    1.34701e+04    4.00990e+04   -4.93754e+05    1.50058e+03
      Potential    Kinetic En.   Total Energy  Conserved En.    Temperature
   -4.25715e+05    7.83968e+04   -3.47318e+05   -3.38611e+05    3.04637e+02
 Pressure (bar)   Constr. rmsd
    1.48183e+02    0.00000e+00

           Step           Time
         321000      642.00000

   Energies (kJ/mol)
           Bond            U-B    Proper Dih.  Improper Dih.      CMAP Dih.
    1.68964e+03    4.60758e+03    5.18039e+03    3.37416e+02   -4.62605e+02
          LJ-14     Coulomb-14        LJ (SR)   Coulomb (SR)   Coul. recip.
    1.51496e+03    1.35749e+04    3.99799e+04   -4.92853e+05    1.46117e+03
      Potential    Kinetic En.   Total Energy  Conserved En.    Temperature
   -4.24970e+05    7.78792e+04   -3.47091e+05   -3.38668e+05    3.02626e+02
 Pressure (bar)   Constr. rmsd
    2.45520e+02    0.00000e+00

           Step           Time
         322000      644.00000

   Energies (kJ/mol)
           Bond            U-B    Proper Dih.  Improper Dih.      CMAP Dih.
    1.67090e+03    4.61064e+03    5.17012e+03    3.23722e+02   -4.66705e+02
          LJ-14     Coulomb-14        LJ (SR)   Coulomb (SR)   Coul. recip.
    1.50346e+03    1.33844e+04    3.90273e+04   -4.91497e+05    1.48850e+03
      Potential    Kinetic En.   Total Energy  Conserved En.    Temperature
   -4.24784e+05    7.79970e+04   -3.46787e+05   -3.38705e+05    3.03083e+02
 Pressure (bar)   Constr. rmsd
   -7.94502e+01    0.00000e+00

           Step           Time
         323000      646.00000

   Energies (kJ/mol)
           Bond            U-B    Proper Dih.  Improper Dih.      CMAP Dih.
    1.72795e+03    4.45420e+03    5.03017e+03    3.15854e+02   -4.05641e+02
          LJ-14     Coulomb-14        LJ (SR)   Coulomb (SR)   Coul. recip.
    1.52834e+03    1.34617e+04    3.95679e+04   -4.93259e+05    1.41641e+03
      Potential    Kinetic En.   Total Energy  Conserved En.    Temperature
   -4.26162e+05    7.77489e+04   -3.48414e+05   -3.38652e+05    3.02119e+02
 Pressure (bar)   Constr. rmsd
    1.66917e+02    0.00000e+00

           Step           Time
         324000      648.00000

   Energies (kJ/mol)
           Bond            U-B    Proper Dih.  Improper Dih.      CMAP Dih.
    1.79325e+03    4.72963e+03    5.01762e+03    3.08226e+02   -4.32956e+02
          LJ-14     Coulomb-14        LJ (SR)   Coulomb (SR)   Coul. recip.
    1.48595e+03    1.33607e+04    3.94745e+04   -4.93279e+05    1.44940e+03
      Potential    Kinetic En.   Total Energy  Conserved En.    Temperature
   -4.26092e+05    7.81333e+04   -3.47959e+05   -3.38519e+05    3.03613e+02
 Pressure (bar)   Constr. rmsd
    1.32023e+01    0.00000e+00

           Step           Time
         325000      650.00000

   Energies (kJ/mol)
           Bond            U-B    Proper Dih.  Improper Dih.      CMAP Dih.
    1.71359e+03    4.66268e+03    5.07081e+03    2.99611e+02   -4.08857e+02
          LJ-14     Coulomb-14        LJ (SR)   Coulomb (SR)   Coul. recip.
    1.54035e+03    1.34398e+04    3.94281e+04   -4.92913e+05    1.43618e+03
      Potential    Kinetic En.   Total Energy  Conserved En.    Temperature
   -4.25730e+05    7.76511e+04   -3.48079e+05   -3.38475e+05    3.01739e+02
 Pressure (bar)   Constr. rmsd
    1.16902e+02    0.00000e+00

           Step           Time
         326000      652.00000

   Energies (kJ/mol)
           Bond            U-B    Proper Dih.  Improper Dih.      CMAP Dih.
    1.71252e+03    4.41479e+03    5.02635e+03    2.73588e+02   -3.99829e+02
          LJ-14     Coulomb-14        LJ (SR)   Coulomb (SR)   Coul. recip.
    1.46944e+03    1.36845e+04    4.01831e+04   -4.94216e+05    1.56842e+03
      Potential    Kinetic En.   Total Energy  Conserved En.    Temperature
   -4.26283e+05    7.69962e+04   -3.49287e+05   -3.38624e+05    2.99195e+02
 Pressure (bar)   Constr. rmsd
   -9.71529e+00    0.00000e+00

           Step           Time
         327000      654.00000

   Energies (kJ/mol)
           Bond            U-B    Proper Dih.  Improper Dih.      CMAP Dih.
    1.64110e+03    4.69095e+03    5.16141e+03    3.09482e+02   -4.54894e+02
          LJ-14     Coulomb-14        LJ (SR)   Coulomb (SR)   Coul. recip.
    1.47584e+03    1.34173e+04    3.98056e+04   -4.93533e+05    1.51972e+03
      Potential    Kinetic En.   Total Energy  Conserved En.    Temperature
   -4.25967e+05    7.80091e+04   -3.47958e+05   -3.38665e+05    3.03130e+02
 Pressure (bar)   Constr. rmsd
    4.94380e+01    0.00000e+00

           Step           Time
         328000      656.00000

   Energies (kJ/mol)
           Bond            U-B    Proper Dih.  Improper Dih.      CMAP Dih.
    1.70888e+03    4.52444e+03    5.15168e+03    3.04413e+02   -4.28438e+02
          LJ-14     Coulomb-14        LJ (SR)   Coulomb (SR)   Coul. recip.
    1.45976e+03    1.36559e+04    3.91064e+04   -4.92895e+05    1.54508e+03
      Potential    Kinetic En.   Total Energy  Conserved En.    Temperature
   -4.25867e+05    7.76648e+04   -3.48202e+05   -3.38766e+05    3.01792e+02
 Pressure (bar)   Constr. rmsd
   -1.47900e+02    0.00000e+00

           Step           Time
         329000      658.00000

   Energies (kJ/mol)
           Bond            U-B    Proper Dih.  Improper Dih.      CMAP Dih.
    1.72490e+03    4.74697e+03    5.00477e+03    2.90502e+02   -4.14580e+02
          LJ-14     Coulomb-14        LJ (SR)   Coulomb (SR)   Coul. recip.
    1.53399e+03    1.34536e+04    3.99724e+04   -4.92729e+05    1.46464e+03
      Potential    Kinetic En.   Total Energy  Conserved En.    Temperature
   -4.24952e+05    7.78581e+04   -3.47094e+05   -3.38874e+05    3.02543e+02
 Pressure (bar)   Constr. rmsd
    6.19094e+01    0.00000e+00

           Step           Time
         330000      660.00000

   Energies (kJ/mol)
           Bond            U-B    Proper Dih.  Improper Dih.      CMAP Dih.
    1.80003e+03    4.58584e+03    5.14542e+03    3.26743e+02   -4.88358e+02
          LJ-14     Coulomb-14        LJ (SR)   Coulomb (SR)   Coul. recip.
    1.50820e+03    1.33830e+04    3.98233e+04   -4.94068e+05    1.46080e+03
      Potential    Kinetic En.   Total Energy  Conserved En.    Temperature
   -4.26523e+05    7.82414e+04   -3.48281e+05   -3.38897e+05    3.04033e+02
 Pressure (bar)   Constr. rmsd
   -8.78356e+00    0.00000e+00

           Step           Time
         331000      662.00000

   Energies (kJ/mol)
           Bond            U-B    Proper Dih.  Improper Dih.      CMAP Dih.
    1.64367e+03    4.67170e+03    5.08145e+03    2.51124e+02   -4.28219e+02
          LJ-14     Coulomb-14        LJ (SR)   Coulomb (SR)   Coul. recip.
    1.45197e+03    1.34179e+04    3.96471e+04   -4.93477e+05    1.49572e+03
      Potential    Kinetic En.   Total Energy  Conserved En.    Temperature
   -4.26245e+05    7.79832e+04   -3.48262e+05   -3.38619e+05    3.03030e+02
 Pressure (bar)   Constr. rmsd
   -9.41150e+01    0.00000e+00

           Step           Time
         332000      664.00000

   Energies (kJ/mol)
           Bond            U-B    Proper Dih.  Improper Dih.      CMAP Dih.
    1.72234e+03    4.56826e+03    5.09215e+03    2.84814e+02   -4.47976e+02
          LJ-14     Coulomb-14        LJ (SR)   Coulomb (SR)   Coul. recip.
    1.45531e+03    1.34255e+04    4.01979e+04   -4.94649e+05    1.46605e+03
      Potential    Kinetic En.   Total Energy  Conserved En.    Temperature
   -4.26885e+05    7.80650e+04   -3.48820e+05   -3.38770e+05    3.03347e+02
 Pressure (bar)   Constr. rmsd
   -3.19377e+01    0.00000e+00

           Step           Time
         333000      666.00000

   Energies (kJ/mol)
           Bond            U-B    Proper Dih.  Improper Dih.      CMAP Dih.
    1.72699e+03    4.64826e+03    5.02273e+03    3.47377e+02   -4.33282e+02
          LJ-14     Coulomb-14        LJ (SR)   Coulomb (SR)   Coul. recip.
    1.52044e+03    1.33770e+04    3.89423e+04   -4.92832e+05    1.48440e+03
      Potential    Kinetic En.   Total Energy  Conserved En.    Temperature
   -4.26196e+05    7.80238e+04   -3.48172e+05   -3.38843e+05    3.03188e+02
 Pressure (bar)   Constr. rmsd
   -1.12265e+02    0.00000e+00

           Step           Time
         334000      668.00000

   Energies (kJ/mol)
           Bond            U-B    Proper Dih.  Improper Dih.      CMAP Dih.
    1.72768e+03    4.77975e+03    5.15258e+03    2.85168e+02   -4.44073e+02
          LJ-14     Coulomb-14        LJ (SR)   Coulomb (SR)   Coul. recip.
    1.59451e+03    1.34206e+04    3.95610e+04   -4.92697e+05    1.47782e+03
      Potential    Kinetic En.   Total Energy  Conserved En.    Temperature
   -4.25142e+05    7.73367e+04   -3.47805e+05   -3.38957e+05    3.00517e+02
 Pressure (bar)   Constr. rmsd
    9.96241e+01    0.00000e+00

           Step           Time
         335000      670.00000

   Energies (kJ/mol)
           Bond            U-B    Proper Dih.  Improper Dih.      CMAP Dih.
    1.70117e+03    4.79590e+03    5.13590e+03    2.66182e+02   -4.35186e+02
          LJ-14     Coulomb-14        LJ (SR)   Coulomb (SR)   Coul. recip.
    1.54670e+03    1.34505e+04    3.90733e+04   -4.92662e+05    1.49380e+03
      Potential    Kinetic En.   Total Energy  Conserved En.    Temperature
   -4.25634e+05    7.83842e+04   -3.47250e+05   -3.38774e+05    3.04588e+02
 Pressure (bar)   Constr. rmsd
    4.40410e+01    0.00000e+00

           Step           Time
         336000      672.00000

   Energies (kJ/mol)
           Bond            U-B    Proper Dih.  Improper Dih.      CMAP Dih.
    1.75908e+03    4.65389e+03    5.10562e+03    3.01651e+02   -4.76979e+02
          LJ-14     Coulomb-14        LJ (SR)   Coulomb (SR)   Coul. recip.
    1.49317e+03    1.33962e+04    3.88551e+04   -4.91096e+05    1.48760e+03
      Potential    Kinetic En.   Total Energy  Conserved En.    Temperature
   -4.24521e+05    7.75663e+04   -3.46954e+05   -3.38781e+05    3.01410e+02
 Pressure (bar)   Constr. rmsd
   -4.34823e+00    0.00000e+00

           Step           Time
         337000      674.00000

   Energies (kJ/mol)
           Bond            U-B    Proper Dih.  Improper Dih.      CMAP Dih.
    1.78247e+03    4.59315e+03    5.14970e+03    2.85367e+02   -4.56090e+02
          LJ-14     Coulomb-14        LJ (SR)   Coulomb (SR)   Coul. recip.
    1.47841e+03    1.33222e+04    3.96497e+04   -4.92896e+05    1.46959e+03
      Potential    Kinetic En.   Total Energy  Conserved En.    Temperature
   -4.25621e+05    7.85676e+04   -3.47054e+05   -3.38997e+05    3.05300e+02
 Pressure (bar)   Constr. rmsd
   -8.38848e+01    0.00000e+00

           Step           Time
         338000      676.00000

   Energies (kJ/mol)
           Bond            U-B    Proper Dih.  Improper Dih.      CMAP Dih.
    1.75618e+03    4.55707e+03    5.16139e+03    3.02770e+02   -4.72771e+02
          LJ-14     Coulomb-14        LJ (SR)   Coulomb (SR)   Coul. recip.
    1.45668e+03    1.34796e+04    4.04545e+04   -4.94411e+05    1.49004e+03
      Potential    Kinetic En.   Total Energy  Conserved En.    Temperature
   -4.26226e+05    7.78309e+04   -3.48395e+05   -3.39085e+05    3.02438e+02
 Pressure (bar)   Constr. rmsd
    3.60944e+00    0.00000e+00

           Step           Time
         339000      678.00000

   Energies (kJ/mol)
           Bond            U-B    Proper Dih.  Improper Dih.      CMAP Dih.
    1.76489e+03    4.54372e+03    5.06741e+03    2.85438e+02   -4.48990e+02
          LJ-14     Coulomb-14        LJ (SR)   Coulomb (SR)   Coul. recip.
    1.51313e+03    1.33484e+04    3.97578e+04   -4.93045e+05    1.51302e+03
      Potential    Kinetic En.   Total Energy  Conserved En.    Temperature
   -4.25700e+05    7.83786e+04   -3.47322e+05   -3.38852e+05    3.04566e+02
 Pressure (bar)   Constr. rmsd
    5.88783e+01    0.00000e+00

           Step           Time
         340000      680.00000

   Energies (kJ/mol)
           Bond            U-B    Proper Dih.  Improper Dih.      CMAP Dih.
    1.76238e+03    4.49660e+03    5.20954e+03    3.26047e+02   -4.14933e+02
          LJ-14     Coulomb-14        LJ (SR)   Coulomb (SR)   Coul. recip.
    1.52437e+03    1.35607e+04    3.89794e+04   -4.93280e+05    1.53461e+03
      Potential    Kinetic En.   Total Energy  Conserved En.    Temperature
   -4.26301e+05    7.83046e+04   -3.47997e+05   -3.38907e+05    3.04278e+02
 Pressure (bar)   Constr. rmsd
   -3.03463e+01    0.00000e+00

           Step           Time
         341000      682.00000

   Energies (kJ/mol)
           Bond            U-B    Proper Dih.  Improper Dih.      CMAP Dih.
    1.77082e+03    4.61894e+03    5.18862e+03    3.12896e+02   -4.23745e+02
          LJ-14     Coulomb-14        LJ (SR)   Coulomb (SR)   Coul. recip.
    1.45706e+03    1.33485e+04    3.89352e+04   -4.92197e+05    1.47052e+03
      Potential    Kinetic En.   Total Energy  Conserved En.    Temperature
   -4.25518e+05    7.74511e+04   -3.48067e+05   -3.38874e+05    3.00962e+02
 Pressure (bar)   Constr. rmsd
   -1.72087e+02    0.00000e+00

           Step           Time
         342000      684.00000

   Energies (kJ/mol)
           Bond            U-B    Proper Dih.  Improper Dih.      CMAP Dih.
    1.73116e+03    4.45760e+03    5.17637e+03    2.86056e+02   -4.89253e+02
          LJ-14     Coulomb-14        LJ (SR)   Coulomb (SR)   Coul. recip.
    1.56105e+03    1.34113e+04    3.97601e+04   -4.92900e+05    1.54814e+03
      Potential    Kinetic En.   Total Energy  Conserved En.    Temperature
   -4.25458e+05    7.71370e+04   -3.48320e+05   -3.39073e+05    2.99741e+02
 Pressure (bar)   Constr. rmsd
    8.69008e+01    0.00000e+00

           Step           Time
         343000      686.00000

   Energies (kJ/mol)
           Bond            U-B    Proper Dih.  Improper Dih.      CMAP Dih.
    1.78560e+03    4.54657e+03    5.16594e+03    3.08907e+02   -4.73294e+02
          LJ-14     Coulomb-14        LJ (SR)   Coulomb (SR)   Coul. recip.
    1.51938e+03    1.35844e+04    3.85611e+04   -4.91721e+05    1.49820e+03
      Potential    Kinetic En.   Total Energy  Conserved En.    Temperature
   -4.25224e+05    7.86720e+04   -3.46552e+05   -3.39141e+05    3.05706e+02
 Pressure (bar)   Constr. rmsd
   -3.42903e+02    0.00000e+00

           Step           Time
         344000      688.00000

   Energies (kJ/mol)
           Bond            U-B    Proper Dih.  Improper Dih.      CMAP Dih.
    1.83095e+03    4.65786e+03    5.05454e+03    2.95442e+02   -5.20336e+02
          LJ-14     Coulomb-14        LJ (SR)   Coulomb (SR)   Coul. recip.
    1.48261e+03    1.34064e+04    3.98328e+04   -4.93079e+05    1.49410e+03
      Potential    Kinetic En.   Total Energy  Conserved En.    Temperature
   -4.25544e+05    7.77245e+04   -3.47820e+05   -3.39162e+05    3.02025e+02
 Pressure (bar)   Constr. rmsd
    1.23902e+01    0.00000e+00

           Step           Time
         345000      690.00000

   Energies (kJ/mol)
           Bond            U-B    Proper Dih.  Improper Dih.      CMAP Dih.
    1.86596e+03    4.77209e+03    5.13007e+03    2.37855e+02   -4.95562e+02
          LJ-14     Coulomb-14        LJ (SR)   Coulomb (SR)   Coul. recip.
    1.50076e+03    1.32773e+04    3.93907e+04   -4.92454e+05    1.44721e+03
      Potential    Kinetic En.   Total Energy  Conserved En.    Temperature
   -4.25328e+05    7.78243e+04   -3.47503e+05   -3.39033e+05    3.02412e+02
 Pressure (bar)   Constr. rmsd
   -5.24711e+01    0.00000e+00

           Step           Time
         346000      692.00000

   Energies (kJ/mol)
           Bond            U-B    Proper Dih.  Improper Dih.      CMAP Dih.
    1.74949e+03    4.60550e+03    5.14152e+03    2.91722e+02   -4.55871e+02
          LJ-14     Coulomb-14        LJ (SR)   Coulomb (SR)   Coul. recip.
    1.51736e+03    1.35403e+04    3.97633e+04   -4.93097e+05    1.45510e+03
      Potential    Kinetic En.   Total Energy  Conserved En.    Temperature
   -4.25489e+05    7.79249e+04   -3.47564e+05   -3.39089e+05    3.02803e+02
 Pressure (bar)   Constr. rmsd
    1.33679e+01    0.00000e+00

           Step           Time
         347000      694.00000

   Energies (kJ/mol)
           Bond            U-B    Proper Dih.  Improper Dih.      CMAP Dih.
    1.75500e+03    4.79035e+03    5.15528e+03    2.82812e+02   -4.55307e+02
          LJ-14     Coulomb-14        LJ (SR)   Coulomb (SR)   Coul. recip.
    1.48108e+03    1.33463e+04    3.94376e+04   -4.92594e+05    1.51362e+03
      Potential    Kinetic En.   Total Energy  Conserved En.    Temperature
   -4.25288e+05    7.82901e+04   -3.46998e+05   -3.38978e+05    3.04222e+02
 Pressure (bar)   Constr. rmsd
   -3.15968e+01    0.00000e+00

           Step           Time
         348000      696.00000

   Energies (kJ/mol)
           Bond            U-B    Proper Dih.  Improper Dih.      CMAP Dih.
    1.79573e+03    4.61309e+03    5.03589e+03    3.17571e+02   -4.02861e+02
          LJ-14     Coulomb-14        LJ (SR)   Coulomb (SR)   Coul. recip.
    1.54516e+03    1.34957e+04    3.99183e+04   -4.92788e+05    1.46038e+03
      Potential    Kinetic En.   Total Energy  Conserved En.    Temperature
   -4.25009e+05    7.71561e+04   -3.47853e+05   -3.39071e+05    2.99816e+02
 Pressure (bar)   Constr. rmsd
    1.84613e+02    0.00000e+00

           Step           Time
         349000      698.00000

   Energies (kJ/mol)
           Bond            U-B    Proper Dih.  Improper Dih.      CMAP Dih.
    1.71173e+03    4.57289e+03    5.10815e+03    3.14519e+02   -4.45874e+02
          LJ-14     Coulomb-14        LJ (SR)   Coulomb (SR)   Coul. recip.
    1.52625e+03    1.30679e+04    3.84894e+04   -4.91857e+05    1.47770e+03
      Potential    Kinetic En.   Total Energy  Conserved En.    Temperature
   -4.26034e+05    7.71618e+04   -3.48872e+05   -3.39057e+05    2.99838e+02
 Pressure (bar)   Constr. rmsd
   -1.34555e+02    0.00000e+00

           Step           Time
         350000      700.00000

   Energies (kJ/mol)
           Bond            U-B    Proper Dih.  Improper Dih.      CMAP Dih.
    1.77583e+03    4.59953e+03    5.11758e+03    3.36420e+02   -3.95692e+02
          LJ-14     Coulomb-14        LJ (SR)   Coulomb (SR)   Coul. recip.
    1.50351e+03    1.34019e+04    3.98759e+04   -4.93301e+05    1.50534e+03
      Potential    Kinetic En.   Total Energy  Conserved En.    Temperature
   -4.25581e+05    7.77283e+04   -3.47852e+05   -3.39071e+05    3.02039e+02
 Pressure (bar)   Constr. rmsd
   -4.66761e+01    0.00000e+00

           Step           Time
         351000      702.00000

   Energies (kJ/mol)
           Bond            U-B    Proper Dih.  Improper Dih.      CMAP Dih.
    1.60660e+03    4.84028e+03    5.13563e+03    2.64206e+02   -4.67258e+02
          LJ-14     Coulomb-14        LJ (SR)   Coulomb (SR)   Coul. recip.
    1.60945e+03    1.33194e+04    3.95952e+04   -4.92994e+05    1.50875e+03
      Potential    Kinetic En.   Total Energy  Conserved En.    Temperature
   -4.25581e+05    7.73537e+04   -3.48228e+05   -3.39043e+05    3.00583e+02
 Pressure (bar)   Constr. rmsd
    1.33014e+02    0.00000e+00

           Step           Time
         352000      704.00000

   Energies (kJ/mol)
           Bond            U-B    Proper Dih.  Improper Dih.      CMAP Dih.
    1.71129e+03    4.69775e+03    5.15524e+03    3.15610e+02   -4.44521e+02
          LJ-14     Coulomb-14        LJ (SR)   Coulomb (SR)   Coul. recip.
    1.55998e+03    1.33459e+04    3.83516e+04   -4.90970e+05    1.56780e+03
      Potential    Kinetic En.   Total Energy  Conserved En.    Temperature
   -4.24710e+05    7.84910e+04   -3.46219e+05   -3.39018e+05    3.05003e+02
 Pressure (bar)   Constr. rmsd
   -8.39364e+01    0.00000e+00

           Step           Time
         353000      706.00000

   Energies (kJ/mol)
           Bond            U-B    Proper Dih.  Improper Dih.      CMAP Dih.
    1.87340e+03    4.69673e+03    5.06464e+03    2.55558e+02   -4.09522e+02
          LJ-14     Coulomb-14        LJ (SR)   Coulomb (SR)   Coul. recip.
    1.48319e+03    1.34524e+04    3.92430e+04   -4.91872e+05    1.58925e+03
      Potential    Kinetic En.   Total Energy  Conserved En.    Temperature
   -4.24623e+05    7.83487e+04   -3.46274e+05   -3.38872e+05    3.04450e+02
 Pressure (bar)   Constr. rmsd
   -1.22392e+02    0.00000e+00

           Step           Time
         354000      708.00000

   Energies (kJ/mol)
           Bond            U-B    Proper Dih.  Improper Dih.      CMAP Dih.
    1.78398e+03    4.72058e+03    5.20665e+03    3.10299e+02   -4.27145e+02
          LJ-14     Coulomb-14        LJ (SR)   Coulomb (SR)   Coul. recip.
    1.50055e+03    1.30555e+04    3.88544e+04   -4.91523e+05    1.51295e+03
      Potential    Kinetic En.   Total Energy  Conserved En.    Temperature
   -4.25006e+05    7.87846e+04   -3.46221e+05   -3.38845e+05    3.06144e+02
 Pressure (bar)   Constr. rmsd
    1.86717e+02    0.00000e+00

           Step           Time
         355000      710.00000

   Energies (kJ/mol)
           Bond            U-B    Proper Dih.  Improper Dih.      CMAP Dih.
    1.70186e+03    4.86606e+03    5.07165e+03    3.17991e+02   -4.07877e+02
          LJ-14     Coulomb-14        LJ (SR)   Coulomb (SR)   Coul. recip.
    1.50697e+03    1.31948e+04    3.95229e+04   -4.92796e+05    1.51536e+03
      Potential    Kinetic En.   Total Energy  Conserved En.    Temperature
   -4.25506e+05    7.87040e+04   -3.46802e+05   -3.38996e+05    3.05830e+02
 Pressure (bar)   Constr. rmsd
    1.91069e+02    0.00000e+00

           Step           Time
         356000      712.00000

   Energies (kJ/mol)
           Bond            U-B    Proper Dih.  Improper Dih.      CMAP Dih.
    1.83961e+03    4.97186e+03    5.06149e+03    3.42864e+02   -4.24115e+02
          LJ-14     Coulomb-14        LJ (SR)   Coulomb (SR)   Coul. recip.
    1.42701e+03    1.31188e+04    3.96739e+04   -4.91744e+05    1.55675e+03
      Potential    Kinetic En.   Total Energy  Conserved En.    Temperature
   -4.24176e+05    7.85668e+04   -3.45609e+05   -3.38902e+05    3.05297e+02
 Pressure (bar)   Constr. rmsd
    1.09727e+02    0.00000e+00

           Step           Time
         357000      714.00000

   Energies (kJ/mol)
           Bond            U-B    Proper Dih.  Improper Dih.      CMAP Dih.
    1.76590e+03    4.49515e+03    5.11994e+03    3.57571e+02   -4.75635e+02
          LJ-14     Coulomb-14        LJ (SR)   Coulomb (SR)   Coul. recip.
    1.55846e+03    1.34621e+04    3.96103e+04   -4.93788e+05    1.46904e+03
      Potential    Kinetic En.   Total Energy  Conserved En.    Temperature
   -4.26425e+05    7.88610e+04   -3.47564e+05   -3.38957e+05    3.06441e+02
 Pressure (bar)   Constr. rmsd
   -5.21484e+00    0.00000e+00

           Step           Time
         358000      716.00000

   Energies (kJ/mol)
           Bond            U-B    Proper Dih.  Improper Dih.      CMAP Dih.
    1.65322e+03    4.71379e+03    5.20060e+03    2.76318e+02   -4.68451e+02
          LJ-14     Coulomb-14        LJ (SR)   Coulomb (SR)   Coul. recip.
    1.45909e+03    1.32628e+04    3.93517e+04   -4.93631e+05    1.46791e+03
      Potential    Kinetic En.   Total Energy  Conserved En.    Temperature
   -4.26714e+05    7.88144e+04   -3.47900e+05   -3.38857e+05    3.06260e+02
 Pressure (bar)   Constr. rmsd
   -9.43713e+01    0.00000e+00

           Step           Time
         359000      718.00000

   Energies (kJ/mol)
           Bond            U-B    Proper Dih.  Improper Dih.      CMAP Dih.
    1.81662e+03    4.58958e+03    5.07641e+03    3.35411e+02   -4.44889e+02
          LJ-14     Coulomb-14        LJ (SR)   Coulomb (SR)   Coul. recip.
    1.50653e+03    1.31977e+04    3.89337e+04   -4.92063e+05    1.41909e+03
      Potential    Kinetic En.   Total Energy  Conserved En.    Temperature
   -4.25632e+05    7.81270e+04   -3.47505e+05   -3.38869e+05    3.03589e+02
 Pressure (bar)   Constr. rmsd
   -1.48053e+01    0.00000e+00

           Step           Time
         360000      720.00000

   Energies (kJ/mol)
           Bond            U-B    Proper Dih.  Improper Dih.      CMAP Dih.
    1.71205e+03    4.54406e+03    5.03661e+03    2.49979e+02   -4.74070e+02
          LJ-14     Coulomb-14        LJ (SR)   Coulomb (SR)   Coul. recip.
    1.60087e+03    1.35108e+04    4.00872e+04   -4.94515e+05    1.51288e+03
      Potential    Kinetic En.   Total Energy  Conserved En.    Temperature
   -4.26735e+05    7.78027e+04   -3.48932e+05   -3.39045e+05    3.02328e+02
 Pressure (bar)   Constr. rmsd
    1.75354e+02    0.00000e+00

           Step           Time
         361000      722.00000

   Energies (kJ/mol)
           Bond            U-B    Proper Dih.  Improper Dih.      CMAP Dih.
    1.66848e+03    4.81286e+03    5.13519e+03    2.86111e+02   -4.71036e+02
          LJ-14     Coulomb-14        LJ (SR)   Coulomb (SR)   Coul. recip.
    1.50714e+03    1.32712e+04    3.95166e+04   -4.93485e+05    1.45420e+03
      Potential    Kinetic En.   Total Energy  Conserved En.    Temperature
   -4.26304e+05    7.84427e+04   -3.47862e+05   -3.39056e+05    3.04815e+02
 Pressure (bar)   Constr. rmsd
   -7.94619e+01    0.00000e+00

           Step           Time
         362000      724.00000

   Energies (kJ/mol)
           Bond            U-B    Proper Dih.  Improper Dih.      CMAP Dih.
    1.68712e+03    4.69077e+03    5.10510e+03    3.46768e+02   -4.14487e+02
          LJ-14     Coulomb-14        LJ (SR)   Coulomb (SR)   Coul. recip.
    1.54654e+03    1.32806e+04    3.96311e+04   -4.93157e+05    1.48576e+03
      Potential    Kinetic En.   Total Energy  Conserved En.    Temperature
   -4.25798e+05    7.85584e+04   -3.47239e+05   -3.39105e+05    3.05265e+02
 Pressure (bar)   Constr. rmsd
    7.31401e+01    0.00000e+00

           Step           Time
         363000      726.00000

   Energies (kJ/mol)
           Bond            U-B    Proper Dih.  Improper Dih.      CMAP Dih.
    1.87582e+03    4.58720e+03    5.08609e+03    2.95053e+02   -4.48510e+02
          LJ-14     Coulomb-14        LJ (SR)   Coulomb (SR)   Coul. recip.
    1.57050e+03    1.34311e+04    3.95788e+04   -4.92827e+05    1.53469e+03
      Potential    Kinetic En.   Total Energy  Conserved En.    Temperature
   -4.25316e+05    7.84447e+04   -3.46871e+05   -3.39177e+05    3.04823e+02
 Pressure (bar)   Constr. rmsd
    5.88407e+01    0.00000e+00

           Step           Time
         364000      728.00000

   Energies (kJ/mol)
           Bond            U-B    Proper Dih.  Improper Dih.      CMAP Dih.
    1.90544e+03    4.68031e+03    5.17291e+03    2.71240e+02   -4.42375e+02
          LJ-14     Coulomb-14        LJ (SR)   Coulomb (SR)   Coul. recip.
    1.49435e+03    1.32738e+04    3.88447e+04   -4.91836e+05    1.50305e+03
      Potential    Kinetic En.   Total Energy  Conserved En.    Temperature
   -4.25132e+05    7.81396e+04   -3.46993e+05   -3.39129e+05    3.03637e+02
 Pressure (bar)   Constr. rmsd
   -1.15664e+02    0.00000e+00

           Step           Time
         365000      730.00000

   Energies (kJ/mol)
           Bond            U-B    Proper Dih.  Improper Dih.      CMAP Dih.
    1.71948e+03    4.51412e+03    5.14592e+03    2.71311e+02   -4.25398e+02
          LJ-14     Coulomb-14        LJ (SR)   Coulomb (SR)   Coul. recip.
    1.53586e+03    1.33871e+04    3.90197e+04   -4.92869e+05    1.49624e+03
      Potential    Kinetic En.   Total Energy  Conserved En.    Temperature
   -4.26204e+05    7.89796e+04   -3.47225e+05   -3.39059e+05    3.06901e+02
 Pressure (bar)   Constr. rmsd
   -5.45344e+01    0.00000e+00

           Step           Time
         366000      732.00000

   Energies (kJ/mol)
           Bond            U-B    Proper Dih.  Improper Dih.      CMAP Dih.
    1.72528e+03    4.71056e+03    5.05251e+03    3.09468e+02   -4.15285e+02
          LJ-14     Coulomb-14        LJ (SR)   Coulomb (SR)   Coul. recip.
    1.47484e+03    1.34753e+04    3.99232e+04   -4.93981e+05    1.55638e+03
      Potential    Kinetic En.   Total Energy  Conserved En.    Temperature
   -4.26169e+05    7.80021e+04   -3.48167e+05   -3.38848e+05    3.03103e+02
 Pressure (bar)   Constr. rmsd
    1.79261e+02    0.00000e+00

           Step           Time
         367000      734.00000

   Energies (kJ/mol)
           Bond            U-B    Proper Dih.  Improper Dih.      CMAP Dih.
    1.77267e+03    4.69039e+03    5.08491e+03    2.39667e+02   -4.29537e+02
          LJ-14     Coulomb-14        LJ (SR)   Coulomb (SR)   Coul. recip.
    1.49806e+03    1.33585e+04    3.97344e+04   -4.93208e+05    1.46088e+03
      Potential    Kinetic En.   Total Energy  Conserved En.    Temperature
   -4.25798e+05    7.77518e+04   -3.48046e+05   -3.38942e+05    3.02130e+02
 Pressure (bar)   Constr. rmsd
    1.25577e+02    0.00000e+00

           Step           Time
         368000      736.00000

   Energies (kJ/mol)
           Bond            U-B    Proper Dih.  Improper Dih.      CMAP Dih.
    1.65639e+03    4.51319e+03    5.03402e+03    3.11832e+02   -4.12914e+02
          LJ-14     Coulomb-14        LJ (SR)   Coulomb (SR)   Coul. recip.
    1.58628e+03    1.34380e+04    4.04153e+04   -4.94462e+05    1.47235e+03
      Potential    Kinetic En.   Total Energy  Conserved En.    Temperature
   -4.26448e+05    7.76752e+04   -3.48773e+05   -3.39188e+05    3.01833e+02
 Pressure (bar)   Constr. rmsd
    2.56162e+02    0.00000e+00

           Step           Time
         369000      738.00000

   Energies (kJ/mol)
           Bond            U-B    Proper Dih.  Improper Dih.      CMAP Dih.
    1.69324e+03    4.73033e+03    5.15657e+03    2.64427e+02   -4.33902e+02
          LJ-14     Coulomb-14        LJ (SR)   Coulomb (SR)   Coul. recip.
    1.46729e+03    1.33071e+04    3.91738e+04   -4.92721e+05    1.50526e+03
      Potential    Kinetic En.   Total Energy  Conserved En.    Temperature
   -4.25857e+05    7.76127e+04   -3.48244e+05   -3.39117e+05    3.01590e+02
 Pressure (bar)   Constr. rmsd
    5.31237e+01    0.00000e+00

           Step           Time
         370000      740.00000

   Energies (kJ/mol)
           Bond            U-B    Proper Dih.  Improper Dih.      CMAP Dih.
    1.67573e+03    4.47245e+03    5.07244e+03    3.08617e+02   -3.82628e+02
          LJ-14     Coulomb-14        LJ (SR)   Coulomb (SR)   Coul. recip.
    1.54708e+03    1.34539e+04    3.88851e+04   -4.92219e+05    1.49325e+03
      Potential    Kinetic En.   Total Energy  Conserved En.    Temperature
   -4.25693e+05    7.72716e+04   -3.48421e+05   -3.38989e+05    3.00264e+02
 Pressure (bar)   Constr. rmsd
    1.81110e+02    0.00000e+00

           Step           Time
         371000      742.00000

   Energies (kJ/mol)
           Bond            U-B    Proper Dih.  Improper Dih.      CMAP Dih.
    1.60957e+03    4.39431e+03    5.10250e+03    2.82508e+02   -4.29282e+02
          LJ-14     Coulomb-14        LJ (SR)   Coulomb (SR)   Coul. recip.
    1.51182e+03    1.35827e+04    3.93230e+04   -4.93833e+05    1.56828e+03
      Potential    Kinetic En.   Total Energy  Conserved En.    Temperature
   -4.26887e+05    7.82027e+04   -3.48685e+05   -3.39205e+05    3.03883e+02
 Pressure (bar)   Constr. rmsd
   -1.40356e+02    0.00000e+00

           Step           Time
         372000      744.00000

   Energies (kJ/mol)
           Bond            U-B    Proper Dih.  Improper Dih.      CMAP Dih.
    1.74612e+03    4.71898e+03    5.13737e+03    2.76588e+02   -4.40648e+02
          LJ-14     Coulomb-14        LJ (SR)   Coulomb (SR)   Coul. recip.
    1.51396e+03    1.33785e+04    3.98186e+04   -4.92448e+05    1.52310e+03
      Potential    Kinetic En.   Total Energy  Conserved En.    Temperature
   -4.24775e+05    7.77740e+04   -3.47001e+05   -3.39421e+05    3.02217e+02
 Pressure (bar)   Constr. rmsd
    1.14918e+02    0.00000e+00

           Step           Time
         373000      746.00000

   Energies (kJ/mol)
           Bond            U-B    Proper Dih.  Improper Dih.      CMAP Dih.
    1.72476e+03    4.57151e+03    5.14978e+03    3.13298e+02   -4.16867e+02
          LJ-14     Coulomb-14        LJ (SR)   Coulomb (SR)   Coul. recip.
    1.56816e+03    1.34578e+04    3.90958e+04   -4.91698e+05    1.45575e+03
      Potential    Kinetic En.   Total Energy  Conserved En.    Temperature
   -4.24778e+05    7.83392e+04   -3.46439e+05   -3.39369e+05    3.04413e+02
 Pressure (bar)   Constr. rmsd
    9.62561e+01    0.00000e+00

           Step           Time
         374000      748.00000

   Energies (kJ/mol)
           Bond            U-B    Proper Dih.  Improper Dih.      CMAP Dih.
    1.67739e+03    4.68270e+03    5.12385e+03    3.31239e+02   -4.72180e+02
          LJ-14     Coulomb-14        LJ (SR)   Coulomb (SR)   Coul. recip.
    1.53907e+03    1.34006e+04    3.94410e+04   -4.92728e+05    1.53125e+03
      Potential    Kinetic En.   Total Energy  Conserved En.    Temperature
   -4.25473e+05    7.83285e+04   -3.47145e+05   -3.39521e+05    3.04371e+02
 Pressure (bar)   Constr. rmsd
   -4.80264e+00    0.00000e+00

           Step           Time
         375000      750.00000

   Energies (kJ/mol)
           Bond            U-B    Proper Dih.  Improper Dih.      CMAP Dih.
    1.72777e+03    4.58000e+03    5.20042e+03    3.03592e+02   -4.29331e+02
          LJ-14     Coulomb-14        LJ (SR)   Coulomb (SR)   Coul. recip.
    1.47878e+03    1.34031e+04    3.87893e+04   -4.91261e+05    1.47667e+03
      Potential    Kinetic En.   Total Energy  Conserved En.    Temperature
   -4.24731e+05    7.81680e+04   -3.46563e+05   -3.39392e+05    3.03748e+02
 Pressure (bar)   Constr. rmsd
   -1.80079e+02    0.00000e+00

           Step           Time
         376000      752.00000

   Energies (kJ/mol)
           Bond            U-B    Proper Dih.  Improper Dih.      CMAP Dih.
    1.85410e+03    4.42858e+03    5.18945e+03    3.22950e+02   -4.72123e+02
          LJ-14     Coulomb-14        LJ (SR)   Coulomb (SR)   Coul. recip.
    1.51639e+03    1.36928e+04    3.96358e+04   -4.92833e+05    1.43120e+03
      Potential    Kinetic En.   Total Energy  Conserved En.    Temperature
   -4.25234e+05    7.82069e+04   -3.47027e+05   -3.39254e+05    3.03899e+02
 Pressure (bar)   Constr. rmsd
    3.76487e+01    0.00000e+00

           Step           Time
         377000      754.00000

   Energies (kJ/mol)
           Bond            U-B    Proper Dih.  Improper Dih.      CMAP Dih.
    1.74127e+03    4.76606e+03    5.05747e+03    3.18237e+02   -4.75257e+02
          LJ-14     Coulomb-14        LJ (SR)   Coulomb (SR)   Coul. recip.
    1.47437e+03    1.33239e+04    3.89006e+04   -4.91812e+05    1.52995e+03
      Potential    Kinetic En.   Total Energy  Conserved En.    Temperature
   -4.25175e+05    7.85127e+04   -3.46662e+05   -3.39387e+05    3.05087e+02
 Pressure (bar)   Constr. rmsd
   -2.22527e+02    0.00000e+00

           Step           Time
         378000      756.00000

   Energies (kJ/mol)
           Bond            U-B    Proper Dih.  Improper Dih.      CMAP Dih.
    1.82091e+03    4.59286e+03    5.08088e+03    2.56993e+02   -4.51869e+02
          LJ-14     Coulomb-14        LJ (SR)   Coulomb (SR)   Coul. recip.
    1.45646e+03    1.33622e+04    3.93251e+04   -4.92319e+05    1.50888e+03
      Potential    Kinetic En.   Total Energy  Conserved En.    Temperature
   -4.25366e+05    7.82852e+04   -3.47081e+05   -3.39303e+05    3.04203e+02
 Pressure (bar)   Constr. rmsd
   -3.61259e+01    0.00000e+00

           Step           Time
         379000      758.00000

   Energies (kJ/mol)
           Bond            U-B    Proper Dih.  Improper Dih.      CMAP Dih.
    1.75157e+03    4.61747e+03    5.16632e+03    2.60514e+02   -4.19873e+02
          LJ-14     Coulomb-14        LJ (SR)   Coulomb (SR)   Coul. recip.
    1.49725e+03    1.34345e+04    3.91584e+04   -4.92504e+05    1.55811e+03
      Potential    Kinetic En.   Total Energy  Conserved En.    Temperature
   -4.25480e+05    7.83610e+04   -3.47119e+05   -3.39250e+05    3.04498e+02
 Pressure (bar)   Constr. rmsd
   -4.78535e+01    0.00000e+00

           Step           Time
         380000      760.00000

   Energies (kJ/mol)
           Bond            U-B    Proper Dih.  Improper Dih.      CMAP Dih.
    1.65322e+03    4.65365e+03    5.10167e+03    3.07967e+02   -4.37186e+02
          LJ-14     Coulomb-14        LJ (SR)   Coulomb (SR)   Coul. recip.
    1.53476e+03    1.35538e+04    3.78011e+04   -4.91430e+05    1.54331e+03
      Potential    Kinetic En.   Total Energy  Conserved En.    Temperature
   -4.25718e+05    7.79441e+04   -3.47773e+05   -3.39245e+05    3.02878e+02
 Pressure (bar)   Constr. rmsd
   -2.00520e+02    0.00000e+00

           Step           Time
         381000      762.00000

   Energies (kJ/mol)
           Bond            U-B    Proper Dih.  Improper Dih.      CMAP Dih.
    1.77198e+03    4.41306e+03    5.13948e+03    3.19363e+02   -3.98437e+02
          LJ-14     Coulomb-14        LJ (SR)   Coulomb (SR)   Coul. recip.
    1.54242e+03    1.32329e+04    3.93330e+04   -4.92360e+05    1.57642e+03
      Potential    Kinetic En.   Total Energy  Conserved En.    Temperature
   -4.25430e+05    7.80357e+04   -3.47395e+05   -3.39173e+05    3.03234e+02
 Pressure (bar)   Constr. rmsd
    1.95175e+01    0.00000e+00

           Step           Time
         382000      764.00000

   Energies (kJ/mol)
           Bond            U-B    Proper Dih.  Improper Dih.      CMAP Dih.
    1.77078e+03    4.64183e+03    5.11832e+03    3.20490e+02   -4.38823e+02
          LJ-14     Coulomb-14        LJ (SR)   Coulomb (SR)   Coul. recip.
    1.43789e+03    1.33957e+04    3.94458e+04   -4.93311e+05    1.48611e+03
      Potential    Kinetic En.   Total Energy  Conserved En.    Temperature
   -4.26133e+05    7.80504e+04   -3.48083e+05   -3.39180e+05    3.03291e+02
 Pressure (bar)   Constr. rmsd
   -3.36789e+01    0.00000e+00

           Step           Time
         383000      766.00000

   Energies (kJ/mol)
           Bond            U-B    Proper Dih.  Improper Dih.      CMAP Dih.
    1.70701e+03    4.57755e+03    4.99040e+03    2.88372e+02   -3.81925e+02
          LJ-14     Coulomb-14        LJ (SR)   Coulomb (SR)   Coul. recip.
    1.46398e+03    1.32100e+04    3.90064e+04   -4.93137e+05    1.51644e+03
      Potential    Kinetic En.   Total Energy  Conserved En.    Temperature
   -4.26759e+05    7.81653e+04   -3.48594e+05   -3.39287e+05    3.03737e+02
 Pressure (bar)   Constr. rmsd
   -1.36316e+02    0.00000e+00

           Step           Time
         384000      768.00000

   Energies (kJ/mol)
           Bond            U-B    Proper Dih.  Improper Dih.      CMAP Dih.
    1.77921e+03    4.78749e+03    5.07958e+03    2.83859e+02   -4.35499e+02
          LJ-14     Coulomb-14        LJ (SR)   Coulomb (SR)   Coul. recip.
    1.42486e+03    1.32473e+04    3.89004e+04   -4.91724e+05    1.49844e+03
      Potential    Kinetic En.   Total Energy  Conserved En.    Temperature
   -4.25159e+05    7.81706e+04   -3.46988e+05   -3.39326e+05    3.03758e+02
 Pressure (bar)   Constr. rmsd
   -1.31297e+02    0.00000e+00

           Step           Time
         385000      770.00000

   Energies (kJ/mol)
           Bond            U-B    Proper Dih.  Improper Dih.      CMAP Dih.
    1.81510e+03    4.52645e+03    5.08714e+03    2.82466e+02   -3.99312e+02
          LJ-14     Coulomb-14        LJ (SR)   Coulomb (SR)   Coul. recip.
    1.53129e+03    1.33686e+04    3.85649e+04   -4.92157e+05    1.44676e+03
      Potential    Kinetic En.   Total Energy  Conserved En.    Temperature
   -4.25933e+05    7.82961e+04   -3.47637e+05   -3.39324e+05    3.04246e+02
 Pressure (bar)   Constr. rmsd
   -1.56481e+02    0.00000e+00

           Step           Time
         386000      772.00000

   Energies (kJ/mol)
           Bond            U-B    Proper Dih.  Improper Dih.      CMAP Dih.
    1.73605e+03    4.81920e+03    5.10943e+03    2.51565e+02   -4.19512e+02
          LJ-14     Coulomb-14        LJ (SR)   Coulomb (SR)   Coul. recip.
    1.48340e+03    1.31486e+04    3.97265e+04   -4.93160e+05    1.46137e+03
      Potential    Kinetic En.   Total Energy  Conserved En.    Temperature
   -4.25843e+05    7.78757e+04   -3.47968e+05   -3.39402e+05    3.02612e+02
 Pressure (bar)   Constr. rmsd
   -2.09443e+01    0.00000e+00

           Step           Time
         387000      774.00000

   Energies (kJ/mol)
           Bond            U-B    Proper Dih.  Improper Dih.      CMAP Dih.
    1.89729e+03    4.45925e+03    5.10471e+03    2.82258e+02   -4.34579e+02
          LJ-14     Coulomb-14        LJ (SR)   Coulomb (SR)   Coul. recip.
    1.50100e+03    1.32444e+04    3.90432e+04   -4.93663e+05    1.51618e+03
      Potential    Kinetic En.   Total Energy  Conserved En.    Temperature
   -4.27049e+05    7.78348e+04   -3.49214e+05   -3.39276e+05    3.02453e+02
 Pressure (bar)   Constr. rmsd
   -2.28207e+02    0.00000e+00

           Step           Time
         388000      776.00000

   Energies (kJ/mol)
           Bond            U-B    Proper Dih.  Improper Dih.      CMAP Dih.
    1.87212e+03    4.54200e+03    5.10296e+03    3.06114e+02   -4.11505e+02
          LJ-14     Coulomb-14        LJ (SR)   Coulomb (SR)   Coul. recip.
    1.50350e+03    1.32095e+04    4.06567e+04   -4.94924e+05    1.50440e+03
      Potential    Kinetic En.   Total Energy  Conserved En.    Temperature
   -4.26638e+05    7.75236e+04   -3.49115e+05   -3.39253e+05    3.01244e+02
 Pressure (bar)   Constr. rmsd
    2.91580e+02    0.00000e+00

           Step           Time
         389000      778.00000

   Energies (kJ/mol)
           Bond            U-B    Proper Dih.  Improper Dih.      CMAP Dih.
    1.69557e+03    4.48160e+03    5.19840e+03    3.03475e+02   -4.60175e+02
          LJ-14     Coulomb-14        LJ (SR)   Coulomb (SR)   Coul. recip.
    1.55984e+03    1.33994e+04    3.82310e+04   -4.91805e+05    1.52565e+03
      Potential    Kinetic En.   Total Energy  Conserved En.    Temperature
   -4.25870e+05    7.75263e+04   -3.48344e+05   -3.39236e+05    3.01254e+02
 Pressure (bar)   Constr. rmsd
   -1.41740e+02    0.00000e+00

           Step           Time
         390000      780.00000

   Energies (kJ/mol)
           Bond            U-B    Proper Dih.  Improper Dih.      CMAP Dih.
    1.70594e+03    4.71168e+03    5.05600e+03    3.26912e+02   -4.18919e+02
          LJ-14     Coulomb-14        LJ (SR)   Coulomb (SR)   Coul. recip.
    1.51121e+03    1.32347e+04    3.91391e+04   -4.92721e+05    1.52419e+03
      Potential    Kinetic En.   Total Energy  Conserved En.    Temperature
   -4.25930e+05    7.77551e+04   -3.48175e+05   -3.39018e+05    3.02144e+02
 Pressure (bar)   Constr. rmsd
   -1.71979e+01    0.00000e+00

           Step           Time
         391000      782.00000

   Energies (kJ/mol)
           Bond            U-B    Proper Dih.  Improper Dih.      CMAP Dih.
    1.80532e+03    4.45157e+03    5.14700e+03    3.29635e+02   -4.29486e+02
          LJ-14     Coulomb-14        LJ (SR)   Coulomb (SR)   Coul. recip.
    1.47059e+03    1.34417e+04    3.85605e+04   -4.91839e+05    1.49657e+03
      Potential    Kinetic En.   Total Energy  Conserved En.    Temperature
   -4.25566e+05    7.78215e+04   -3.47744e+05   -3.39110e+05    3.02401e+02
 Pressure (bar)   Constr. rmsd
   -2.68877e+02    0.00000e+00

           Step           Time
         392000      784.00000

   Energies (kJ/mol)
           Bond            U-B    Proper Dih.  Improper Dih.      CMAP Dih.
    1.79697e+03    4.86890e+03    5.03616e+03    2.95182e+02   -4.26604e+02
          LJ-14     Coulomb-14        LJ (SR)   Coulomb (SR)   Coul. recip.
    1.49765e+03    1.34099e+04    3.92466e+04   -4.92776e+05    1.49784e+03
      Potential    Kinetic En.   Total Energy  Conserved En.    Temperature
   -4.25553e+05    7.82452e+04   -3.47308e+05   -3.39203e+05    3.04048e+02
 Pressure (bar)   Constr. rmsd
    3.13867e+01    0.00000e+00

           Step           Time
         393000      786.00000

   Energies (kJ/mol)
           Bond            U-B    Proper Dih.  Improper Dih.      CMAP Dih.
    1.79104e+03    4.61773e+03    5.08309e+03    2.81066e+02   -4.40984e+02
          LJ-14     Coulomb-14        LJ (SR)   Coulomb (SR)   Coul. recip.
    1.52407e+03    1.34905e+04    3.91045e+04   -4.92674e+05    1.48746e+03
      Potential    Kinetic En.   Total Energy  Conserved En.    Temperature
   -4.25736e+05    7.85670e+04   -3.47169e+05   -3.39352e+05    3.05298e+02
 Pressure (bar)   Constr. rmsd
   -3.81027e+01    0.00000e+00

           Step           Time
         394000      788.00000

   Energies (kJ/mol)
           Bond            U-B    Proper Dih.  Improper Dih.      CMAP Dih.
    1.77424e+03    4.79722e+03    5.11768e+03    2.87222e+02   -4.56900e+02
          LJ-14     Coulomb-14        LJ (SR)   Coulomb (SR)   Coul. recip.
    1.58574e+03    1.34790e+04    4.00641e+04   -4.93270e+05    1.51088e+03
      Potential    Kinetic En.   Total Energy  Conserved En.    Temperature
   -4.25111e+05    7.80169e+04   -3.47094e+05   -3.39409e+05    3.03160e+02
 Pressure (bar)   Constr. rmsd
    3.04456e+02    0.00000e+00

           Step           Time
         395000      790.00000

   Energies (kJ/mol)
           Bond            U-B    Proper Dih.  Improper Dih.      CMAP Dih.
    1.69157e+03    4.42363e+03    5.00314e+03    2.48966e+02   -4.13719e+02
          LJ-14     Coulomb-14        LJ (SR)   Coulomb (SR)   Coul. recip.
    1.52677e+03    1.34549e+04    4.00923e+04   -4.94449e+05    1.50465e+03
      Potential    Kinetic En.   Total Energy  Conserved En.    Temperature
   -4.26917e+05    7.69155e+04   -3.50001e+05   -3.39635e+05    2.98881e+02
 Pressure (bar)   Constr. rmsd
    3.25940e+01    0.00000e+00

           Step           Time
         396000      792.00000

   Energies (kJ/mol)
           Bond            U-B    Proper Dih.  Improper Dih.      CMAP Dih.
    1.74877e+03    4.57614e+03    5.04597e+03    2.97648e+02   -4.49784e+02
          LJ-14     Coulomb-14        LJ (SR)   Coulomb (SR)   Coul. recip.
    1.53573e+03    1.34379e+04    3.99693e+04   -4.94175e+05    1.48985e+03
      Potential    Kinetic En.   Total Energy  Conserved En.    Temperature
   -4.26523e+05    7.71128e+04   -3.49410e+05   -3.39487e+05    2.99648e+02
 Pressure (bar)   Constr. rmsd
    1.08609e+02    0.00000e+00

           Step           Time
         397000      794.00000

   Energies (kJ/mol)
           Bond            U-B    Proper Dih.  Improper Dih.      CMAP Dih.
    1.76828e+03    4.54393e+03    5.10808e+03    3.09803e+02   -4.69895e+02
          LJ-14     Coulomb-14        LJ (SR)   Coulomb (SR)   Coul. recip.
    1.45991e+03    1.32825e+04    3.91244e+04   -4.92802e+05    1.53401e+03
      Potential    Kinetic En.   Total Energy  Conserved En.    Temperature
   -4.26141e+05    7.69692e+04   -3.49172e+05   -3.39355e+05    2.99090e+02
 Pressure (bar)   Constr. rmsd
   -3.44838e+01    0.00000e+00

           Step           Time
         398000      796.00000

   Energies (kJ/mol)
           Bond            U-B    Proper Dih.  Improper Dih.      CMAP Dih.
    1.67667e+03    4.52496e+03    5.09797e+03    2.82571e+02   -4.63700e+02
          LJ-14     Coulomb-14        LJ (SR)   Coulomb (SR)   Coul. recip.
    1.50113e+03    1.33198e+04    3.93934e+04   -4.93623e+05    1.44309e+03
      Potential    Kinetic En.   Total Energy  Conserved En.    Temperature
   -4.26847e+05    7.73051e+04   -3.49542e+05   -3.39456e+05    3.00395e+02
 Pressure (bar)   Constr. rmsd
   -1.45620e+02    0.00000e+00

           Step           Time
         399000      798.00000

   Energies (kJ/mol)
           Bond            U-B    Proper Dih.  Improper Dih.      CMAP Dih.
    1.77980e+03    4.50873e+03    5.09485e+03    2.81970e+02   -4.55873e+02
          LJ-14     Coulomb-14        LJ (SR)   Coulomb (SR)   Coul. recip.
    1.45416e+03    1.34210e+04    3.95884e+04   -4.93452e+05    1.49462e+03
      Potential    Kinetic En.   Total Energy  Conserved En.    Temperature
   -4.26284e+05    7.76568e+04   -3.48628e+05   -3.39504e+05    3.01761e+02
 Pressure (bar)   Constr. rmsd
    2.80192e-01    0.00000e+00

           Step           Time
         400000      800.00000

   Energies (kJ/mol)
           Bond            U-B    Proper Dih.  Improper Dih.      CMAP Dih.
    1.72435e+03    4.69509e+03    5.03565e+03    2.97870e+02   -4.56335e+02
          LJ-14     Coulomb-14        LJ (SR)   Coulomb (SR)   Coul. recip.
    1.49892e+03    1.31486e+04    4.01841e+04   -4.93778e+05    1.46965e+03
      Potential    Kinetic En.   Total Energy  Conserved En.    Temperature
   -4.26180e+05    7.70727e+04   -3.49107e+05   -3.39448e+05    2.99492e+02
 Pressure (bar)   Constr. rmsd
    9.25773e+01    0.00000e+00

           Step           Time
         401000      802.00000

   Energies (kJ/mol)
           Bond            U-B    Proper Dih.  Improper Dih.      CMAP Dih.
    1.71299e+03    4.71324e+03    5.09459e+03    2.96837e+02   -5.08575e+02
          LJ-14     Coulomb-14        LJ (SR)   Coulomb (SR)   Coul. recip.
    1.49438e+03    1.32428e+04    3.97628e+04   -4.92762e+05    1.45111e+03
      Potential    Kinetic En.   Total Energy  Conserved En.    Temperature
   -4.25501e+05    7.81123e+04   -3.47389e+05   -3.39588e+05    3.03531e+02
 Pressure (bar)   Constr. rmsd
   -5.81787e+00    0.00000e+00

           Step           Time
         402000      804.00000

   Energies (kJ/mol)
           Bond            U-B    Proper Dih.  Improper Dih.      CMAP Dih.
    1.76698e+03    4.64934e+03    5.11352e+03    2.46879e+02   -4.39426e+02
          LJ-14     Coulomb-14        LJ (SR)   Coulomb (SR)   Coul. recip.
    1.50009e+03    1.33907e+04    3.97393e+04   -4.91847e+05    1.51071e+03
      Potential    Kinetic En.   Total Energy  Conserved En.    Temperature
   -4.24369e+05    7.89133e+04   -3.45456e+05   -3.39642e+05    3.06644e+02
 Pressure (bar)   Constr. rmsd
    3.03782e+02    0.00000e+00

           Step           Time
         403000      806.00000

   Energies (kJ/mol)
           Bond            U-B    Proper Dih.  Improper Dih.      CMAP Dih.
    1.66318e+03    4.62682e+03    5.12752e+03    3.04398e+02   -3.97449e+02
          LJ-14     Coulomb-14        LJ (SR)   Coulomb (SR)   Coul. recip.
    1.56807e+03    1.34952e+04    3.84067e+04   -4.90829e+05    1.52824e+03
      Potential    Kinetic En.   Total Energy  Conserved En.    Temperature
   -4.24506e+05    7.80305e+04   -3.46476e+05   -3.39626e+05    3.03214e+02
 Pressure (bar)   Constr. rmsd
   -1.02266e+02    0.00000e+00

           Step           Time
         404000      808.00000

   Energies (kJ/mol)
           Bond            U-B    Proper Dih.  Improper Dih.      CMAP Dih.
    1.73622e+03    4.57967e+03    5.07009e+03    2.69099e+02   -4.64842e+02
          LJ-14     Coulomb-14        LJ (SR)   Coulomb (SR)   Coul. recip.
    1.55570e+03    1.33835e+04    4.02045e+04   -4.93527e+05    1.53306e+03
      Potential    Kinetic En.   Total Energy  Conserved En.    Temperature
   -4.25660e+05    7.83738e+04   -3.47287e+05   -3.39536e+05    3.04548e+02
 Pressure (bar)   Constr. rmsd
    2.19635e+02    0.00000e+00

           Step           Time
         405000      810.00000

   Energies (kJ/mol)
           Bond            U-B    Proper Dih.  Improper Dih.      CMAP Dih.
    1.73272e+03    4.69425e+03    5.08075e+03    2.89592e+02   -3.95406e+02
          LJ-14     Coulomb-14        LJ (SR)   Coulomb (SR)   Coul. recip.
    1.47967e+03    1.34309e+04    3.90632e+04   -4.91945e+05    1.55847e+03
      Potential    Kinetic En.   Total Energy  Conserved En.    Temperature
   -4.25011e+05    7.83091e+04   -3.46701e+05   -3.39683e+05    3.04296e+02
 Pressure (bar)   Constr. rmsd
   -8.10294e+01    0.00000e+00

           Step           Time
         406000      812.00000

   Energies (kJ/mol)
           Bond            U-B    Proper Dih.  Improper Dih.      CMAP Dih.
    1.78842e+03    4.47054e+03    5.11449e+03    2.80053e+02   -4.50022e+02
          LJ-14     Coulomb-14        LJ (SR)   Coulomb (SR)   Coul. recip.
    1.50548e+03    1.36059e+04    3.84947e+04   -4.91173e+05    1.48699e+03
      Potential    Kinetic En.   Total Energy  Conserved En.    Temperature
   -4.24876e+05    7.91881e+04   -3.45688e+05   -3.39749e+05    3.07712e+02
 Pressure (bar)   Constr. rmsd
   -5.10355e+01    0.00000e+00

           Step           Time
         407000      814.00000

   Energies (kJ/mol)
           Bond            U-B    Proper Dih.  Improper Dih.      CMAP Dih.
    1.87226e+03    4.67579e+03    5.17835e+03    2.52279e+02   -4.83034e+02
          LJ-14     Coulomb-14        LJ (SR)   Coulomb (SR)   Coul. recip.
    1.50567e+03    1.34146e+04    3.91624e+04   -4.91775e+05    1.55770e+03
      Potential    Kinetic En.   Total Energy  Conserved En.    Temperature
   -4.24639e+05    7.85154e+04   -3.46124e+05   -3.39659e+05    3.05098e+02
 Pressure (bar)   Constr. rmsd
   -8.63795e+00    0.00000e+00

           Step           Time
         408000      816.00000

   Energies (kJ/mol)
           Bond            U-B    Proper Dih.  Improper Dih.      CMAP Dih.
    1.88452e+03    4.59997e+03    5.18076e+03    3.14810e+02   -4.48890e+02
          LJ-14     Coulomb-14        LJ (SR)   Coulomb (SR)   Coul. recip.
    1.52107e+03    1.33501e+04    3.94407e+04   -4.92353e+05    1.47239e+03
      Potential    Kinetic En.   Total Energy  Conserved En.    Temperature
   -4.25037e+05    7.80417e+04   -3.46996e+05   -3.39752e+05    3.03257e+02
 Pressure (bar)   Constr. rmsd
   -5.57037e+01    0.00000e+00

           Step           Time
         409000      818.00000

   Energies (kJ/mol)
           Bond            U-B    Proper Dih.  Improper Dih.      CMAP Dih.
    1.80715e+03    4.58738e+03    5.11486e+03    2.90370e+02   -4.53734e+02
          LJ-14     Coulomb-14        LJ (SR)   Coulomb (SR)   Coul. recip.
    1.52143e+03    1.33131e+04    3.91470e+04   -4.91656e+05    1.46586e+03
      Potential    Kinetic En.   Total Energy  Conserved En.    Temperature
   -4.24863e+05    7.82852e+04   -3.46578e+05   -3.39762e+05    3.04203e+02
 Pressure (bar)   Constr. rmsd
   -4.26637e+01    0.00000e+00

           Step           Time
         410000      820.00000

   Energies (kJ/mol)
           Bond            U-B    Proper Dih.  Improper Dih.      CMAP Dih.
    1.76424e+03    4.43703e+03    5.17602e+03    3.03005e+02   -4.59075e+02
          LJ-14     Coulomb-14        LJ (SR)   Coulomb (SR)   Coul. recip.
    1.53250e+03    1.32410e+04    3.97126e+04   -4.93531e+05    1.48277e+03
      Potential    Kinetic En.   Total Energy  Conserved En.    Temperature
   -4.26341e+05    7.81935e+04   -3.48148e+05   -3.39745e+05    3.03847e+02
 Pressure (bar)   Constr. rmsd
    2.60687e+01    0.00000e+00

           Step           Time
         411000      822.00000

   Energies (kJ/mol)
           Bond            U-B    Proper Dih.  Improper Dih.      CMAP Dih.
    1.76442e+03    4.72755e+03    5.07821e+03    3.13719e+02   -5.06313e+02
          LJ-14     Coulomb-14        LJ (SR)   Coulomb (SR)   Coul. recip.
    1.50603e+03    1.34073e+04    3.91875e+04   -4.92380e+05    1.49767e+03
      Potential    Kinetic En.   Total Energy  Conserved En.    Temperature
   -4.25404e+05    7.76274e+04   -3.47777e+05   -3.39895e+05    3.01647e+02
 Pressure (bar)   Constr. rmsd
   -3.14957e+00    0.00000e+00

           Step           Time
         412000      824.00000

   Energies (kJ/mol)
           Bond            U-B    Proper Dih.  Improper Dih.      CMAP Dih.
    1.67012e+03    4.75008e+03    5.16822e+03    2.77706e+02   -4.71980e+02
          LJ-14     Coulomb-14        LJ (SR)   Coulomb (SR)   Coul. recip.
    1.55392e+03    1.33299e+04    3.89922e+04   -4.92246e+05    1.55587e+03
      Potential    Kinetic En.   Total Energy  Conserved En.    Temperature
   -4.25420e+05    7.82122e+04   -3.47208e+05   -3.39931e+05    3.03919e+02
 Pressure (bar)   Constr. rmsd
    1.03042e+02    0.00000e+00

           Step           Time
         413000      826.00000

   Energies (kJ/mol)
           Bond            U-B    Proper Dih.  Improper Dih.      CMAP Dih.
    1.65070e+03    4.72717e+03    5.07528e+03    2.67959e+02   -4.10560e+02
          LJ-14     Coulomb-14        LJ (SR)   Coulomb (SR)   Coul. recip.
    1.54610e+03    1.35044e+04    4.06627e+04   -4.94103e+05    1.46791e+03
      Potential    Kinetic En.   Total Energy  Conserved En.    Temperature
   -4.25611e+05    7.81286e+04   -3.47482e+05   -3.39882e+05    3.03595e+02
 Pressure (bar)   Constr. rmsd
    2.02355e+02    0.00000e+00

           Step           Time
         414000      828.00000

   Energies (kJ/mol)
           Bond            U-B    Proper Dih.  Improper Dih.      CMAP Dih.
    1.73292e+03    4.81779e+03    5.06607e+03    2.86754e+02   -4.53474e+02
          LJ-14     Coulomb-14        LJ (SR)   Coulomb (SR)   Coul. recip.
    1.51435e+03    1.31833e+04    3.98768e+04   -4.92397e+05    1.47712e+03
      Potential    Kinetic En.   Total Energy  Conserved En.    Temperature
   -4.24895e+05    7.87060e+04   -3.46189e+05   -3.39870e+05    3.05838e+02
 Pressure (bar)   Constr. rmsd
    1.93464e+02    0.00000e+00

           Step           Time
         415000      830.00000

   Energies (kJ/mol)
           Bond            U-B    Proper Dih.  Improper Dih.      CMAP Dih.
    1.85934e+03    4.62308e+03    5.10818e+03    2.71268e+02   -4.66983e+02
          LJ-14     Coulomb-14        LJ (SR)   Coulomb (SR)   Coul. recip.
    1.46827e+03    1.31502e+04    3.90804e+04   -4.91900e+05    1.49503e+03
      Potential    Kinetic En.   Total Energy  Conserved En.    Temperature
   -4.25312e+05    7.85522e+04   -3.46759e+05   -3.39924e+05    3.05241e+02
 Pressure (bar)   Constr. rmsd
   -2.29625e+02    0.00000e+00

           Step           Time
         416000      832.00000

   Energies (kJ/mol)
           Bond            U-B    Proper Dih.  Improper Dih.      CMAP Dih.
    1.69873e+03    4.70932e+03    5.10481e+03    3.12765e+02   -4.54473e+02
          LJ-14     Coulomb-14        LJ (SR)   Coulomb (SR)   Coul. recip.
    1.49285e+03    1.34697e+04    3.96139e+04   -4.92233e+05    1.50054e+03
      Potential    Kinetic En.   Total Energy  Conserved En.    Temperature
   -4.24784e+05    7.75227e+04   -3.47262e+05   -3.39810e+05    3.01240e+02
 Pressure (bar)   Constr. rmsd
   -1.80008e-01    0.00000e+00

           Step           Time
         417000      834.00000

   Energies (kJ/mol)
           Bond            U-B    Proper Dih.  Improper Dih.      CMAP Dih.
    1.80294e+03    4.70190e+03    5.19908e+03    3.04324e+02   -4.65619e+02
          LJ-14     Coulomb-14        LJ (SR)   Coulomb (SR)   Coul. recip.
    1.40223e+03    1.31943e+04    3.91915e+04   -4.92077e+05    1.47889e+03
      Potential    Kinetic En.   Total Energy  Conserved En.    Temperature
   -4.25267e+05    7.81756e+04   -3.47091e+05   -3.40011e+05    3.03777e+02
 Pressure (bar)   Constr. rmsd
   -2.41843e+02    0.00000e+00

           Step           Time
         418000      836.00000

   Energies (kJ/mol)
           Bond            U-B    Proper Dih.  Improper Dih.      CMAP Dih.
    1.75249e+03    4.80044e+03    5.17304e+03    3.20204e+02   -4.78683e+02
          LJ-14     Coulomb-14        LJ (SR)   Coulomb (SR)   Coul. recip.
    1.53200e+03    1.32323e+04    3.85887e+04   -4.90957e+05    1.54211e+03
      Potential    Kinetic En.   Total Energy  Conserved En.    Temperature
   -4.24494e+05    7.84649e+04   -3.46029e+05   -3.40035e+05    3.04901e+02
 Pressure (bar)   Constr. rmsd
   -2.82407e+01    0.00000e+00

           Step           Time
         419000      838.00000

   Energies (kJ/mol)
           Bond            U-B    Proper Dih.  Improper Dih.      CMAP Dih.
    1.76558e+03    4.70602e+03    5.18086e+03    2.59672e+02   -4.24043e+02
          LJ-14     Coulomb-14        LJ (SR)   Coulomb (SR)   Coul. recip.
    1.49964e+03    1.31047e+04    3.89370e+04   -4.91985e+05    1.51578e+03
      Potential    Kinetic En.   Total Energy  Conserved En.    Temperature
   -4.25440e+05    7.88804e+04   -3.46560e+05   -3.39905e+05    3.06516e+02
 Pressure (bar)   Constr. rmsd
   -2.81110e+02    0.00000e+00

           Step           Time
         420000      840.00000

   Energies (kJ/mol)
           Bond            U-B    Proper Dih.  Improper Dih.      CMAP Dih.
    1.81531e+03    4.68482e+03    5.08749e+03    3.16226e+02   -4.36494e+02
          LJ-14     Coulomb-14        LJ (SR)   Coulomb (SR)   Coul. recip.
    1.52067e+03    1.33102e+04    3.87156e+04   -4.92212e+05    1.55280e+03
      Potential    Kinetic En.   Total Energy  Conserved En.    Temperature
   -4.25645e+05    7.78311e+04   -3.47814e+05   -3.39794e+05    3.02438e+02
 Pressure (bar)   Constr. rmsd
   -1.50647e+02    0.00000e+00

           Step           Time
         421000      842.00000

   Energies (kJ/mol)
           Bond            U-B    Proper Dih.  Improper Dih.      CMAP Dih.
    1.64716e+03    4.56560e+03    5.11869e+03    2.84395e+02   -4.01641e+02
          LJ-14     Coulomb-14        LJ (SR)   Coulomb (SR)   Coul. recip.
    1.58834e+03    1.33951e+04    3.87032e+04   -4.92764e+05    1.45413e+03
      Potential    Kinetic En.   Total Energy  Conserved En.    Temperature
   -4.26409e+05    7.86502e+04   -3.47758e+05   -3.39691e+05    3.05621e+02
 Pressure (bar)   Constr. rmsd
   -6.19360e+00    0.00000e+00

           Step           Time
         422000      844.00000

   Energies (kJ/mol)
           Bond            U-B    Proper Dih.  Improper Dih.      CMAP Dih.
    1.61410e+03    4.64766e+03    5.03333e+03    2.97422e+02   -3.92974e+02
          LJ-14     Coulomb-14        LJ (SR)   Coulomb (SR)   Coul. recip.
    1.48677e+03    1.33515e+04    3.96295e+04   -4.93561e+05    1.52890e+03
      Potential    Kinetic En.   Total Energy  Conserved En.    Temperature
   -4.26365e+05    7.79244e+04   -3.48441e+05   -3.39582e+05    3.02801e+02
 Pressure (bar)   Constr. rmsd
    8.44298e+01    0.00000e+00

           Step           Time
         423000      846.00000

   Energies (kJ/mol)
           Bond            U-B    Proper Dih.  Improper Dih.      CMAP Dih.
    1.76441e+03    4.60396e+03    5.06692e+03    2.60361e+02   -4.38531e+02
          LJ-14     Coulomb-14        LJ (SR)   Coulomb (SR)   Coul. recip.
    1.50180e+03    1.30889e+04    3.96769e+04   -4.93244e+05    1.47935e+03
      Potential    Kinetic En.   Total Energy  Conserved En.    Temperature
   -4.26240e+05    7.70230e+04   -3.49217e+05   -3.39694e+05    2.99299e+02
 Pressure (bar)   Constr. rmsd
    5.39569e+00    0.00000e+00

           Step           Time
         424000      848.00000

   Energies (kJ/mol)
           Bond            U-B    Proper Dih.  Improper Dih.      CMAP Dih.
    1.67671e+03    4.56476e+03    5.09890e+03    2.63871e+02   -4.43070e+02
          LJ-14     Coulomb-14        LJ (SR)   Coulomb (SR)   Coul. recip.
    1.49661e+03    1.32975e+04    3.86688e+04   -4.92238e+05    1.47494e+03
      Potential    Kinetic En.   Total Energy  Conserved En.    Temperature
   -4.26139e+05    7.77613e+04   -3.48378e+05   -3.39724e+05    3.02167e+02
 Pressure (bar)   Constr. rmsd
   -1.08633e+02    0.00000e+00

           Step           Time
         425000      850.00000

   Energies (kJ/mol)
           Bond            U-B    Proper Dih.  Improper Dih.      CMAP Dih.
    1.65711e+03    4.53800e+03    5.16526e+03    2.92006e+02   -3.96271e+02
          LJ-14     Coulomb-14        LJ (SR)   Coulomb (SR)   Coul. recip.
    1.57244e+03    1.33233e+04    3.84806e+04   -4.92526e+05    1.43376e+03
      Potential    Kinetic En.   Total Energy  Conserved En.    Temperature
   -4.26460e+05    7.83349e+04   -3.48125e+05   -3.39517e+05    3.04396e+02
 Pressure (bar)   Constr. rmsd
    8.80786e+01    0.00000e+00

           Step           Time
         426000      852.00000

   Energies (kJ/mol)
           Bond            U-B    Proper Dih.  Improper Dih.      CMAP Dih.
    1.70075e+03    4.77002e+03    5.09283e+03    3.05234e+02   -4.57402e+02
          LJ-14     Coulomb-14        LJ (SR)   Coulomb (SR)   Coul. recip.
    1.53584e+03    1.32240e+04    3.99066e+04   -4.94144e+05    1.56103e+03
      Potential    Kinetic En.   Total Energy  Conserved En.    Temperature
   -4.26505e+05    7.80469e+04   -3.48458e+05   -3.39595e+05    3.03277e+02
 Pressure (bar)   Constr. rmsd
    9.59758e+01    0.00000e+00

           Step           Time
         427000      854.00000

   Energies (kJ/mol)
           Bond            U-B    Proper Dih.  Improper Dih.      CMAP Dih.
    1.71734e+03    4.77263e+03    5.05445e+03    3.25192e+02   -4.96282e+02
          LJ-14     Coulomb-14        LJ (SR)   Coulomb (SR)   Coul. recip.
    1.58720e+03    1.32100e+04    3.96233e+04   -4.93405e+05    1.55331e+03
      Potential    Kinetic En.   Total Energy  Conserved En.    Temperature
   -4.26058e+05    7.79477e+04   -3.48110e+05   -3.39665e+05    3.02892e+02
 Pressure (bar)   Constr. rmsd
    1.33200e+02    0.00000e+00

           Step           Time
         428000      856.00000

   Energies (kJ/mol)
           Bond            U-B    Proper Dih.  Improper Dih.      CMAP Dih.
    1.79851e+03    4.78865e+03    5.06098e+03    2.75874e+02   -5.06827e+02
          LJ-14     Coulomb-14        LJ (SR)   Coulomb (SR)   Coul. recip.
    1.46532e+03    1.33415e+04    3.99240e+04   -4.93451e+05    1.46055e+03
      Potential    Kinetic En.   Total Energy  Conserved En.    Temperature
   -4.25842e+05    7.77600e+04   -3.48082e+05   -3.39425e+05    3.02163e+02
 Pressure (bar)   Constr. rmsd
    8.96178e+01    0.00000e+00

           Step           Time
         429000      858.00000

   Energies (kJ/mol)
           Bond            U-B    Proper Dih.  Improper Dih.      CMAP Dih.
    1.83843e+03    4.62075e+03    5.10635e+03    2.83405e+02   -4.95043e+02
          LJ-14     Coulomb-14        LJ (SR)   Coulomb (SR)   Coul. recip.
    1.49829e+03    1.31833e+04    3.86913e+04   -4.91315e+05    1.45344e+03
      Potential    Kinetic En.   Total Energy  Conserved En.    Temperature
   -4.25135e+05    7.83310e+04   -3.46804e+05   -3.39723e+05    3.04381e+02
 Pressure (bar)   Constr. rmsd
   -1.02127e+02    0.00000e+00

           Step           Time
         430000      860.00000

   Energies (kJ/mol)
           Bond            U-B    Proper Dih.  Improper Dih.      CMAP Dih.
    1.76342e+03    4.43299e+03    5.11164e+03    2.82197e+02   -4.26136e+02
          LJ-14     Coulomb-14        LJ (SR)   Coulomb (SR)   Coul. recip.
    1.49602e+03    1.36684e+04    3.94813e+04   -4.93010e+05    1.47427e+03
      Potential    Kinetic En.   Total Energy  Conserved En.    Temperature
   -4.25726e+05    7.84342e+04   -3.47292e+05   -3.39685e+05    3.04782e+02
 Pressure (bar)   Constr. rmsd
    7.98807e+00    0.00000e+00

           Step           Time
         431000      862.00000

   Energies (kJ/mol)
           Bond            U-B    Proper Dih.  Improper Dih.      CMAP Dih.
    1.72818e+03    4.61908e+03    5.16043e+03    3.07507e+02   -4.74569e+02
          LJ-14     Coulomb-14        LJ (SR)   Coulomb (SR)   Coul. recip.
    1.55024e+03    1.34364e+04    3.81969e+04   -4.91215e+05    1.51913e+03
      Potential    Kinetic En.   Total Energy  Conserved En.    Temperature
   -4.25172e+05    7.81242e+04   -3.47048e+05   -3.39847e+05    3.03577e+02
 Pressure (bar)   Constr. rmsd
   -2.67461e+02    0.00000e+00

           Step           Time
         432000      864.00000

   Energies (kJ/mol)
           Bond            U-B    Proper Dih.  Improper Dih.      CMAP Dih.
    1.82218e+03    4.68938e+03    5.18349e+03    3.30581e+02   -4.04472e+02
          LJ-14     Coulomb-14        LJ (SR)   Coulomb (SR)   Coul. recip.
    1.52964e+03    1.31960e+04    3.90488e+04   -4.92346e+05    1.54537e+03
      Potential    Kinetic En.   Total Energy  Conserved En.    Temperature
   -4.25405e+05    7.86726e+04   -3.46732e+05   -3.39811e+05    3.05708e+02
 Pressure (bar)   Constr. rmsd
    1.21789e+01    0.00000e+00

           Step           Time
         433000      866.00000

   Energies (kJ/mol)
           Bond            U-B    Proper Dih.  Improper Dih.      CMAP Dih.
    1.82068e+03    4.52706e+03    5.08979e+03    2.50397e+02   -4.55444e+02
          LJ-14     Coulomb-14        LJ (SR)   Coulomb (SR)   Coul. recip.
    1.51939e+03    1.33832e+04    3.78661e+04   -4.90801e+05    1.51242e+03
      Potential    Kinetic En.   Total Energy  Conserved En.    Temperature
   -4.25288e+05    7.75659e+04   -3.47722e+05   -3.39788e+05    3.01408e+02
 Pressure (bar)   Constr. rmsd
   -2.52388e+02    0.00000e+00

           Step           Time
         434000      868.00000

   Energies (kJ/mol)
           Bond            U-B    Proper Dih.  Improper Dih.      CMAP Dih.
    1.63764e+03    4.66296e+03    5.08887e+03    3.16480e+02   -4.70845e+02
          LJ-14     Coulomb-14        LJ (SR)   Coulomb (SR)   Coul. recip.
    1.53518e+03    1.32537e+04    4.06617e+04   -4.93966e+05    1.50555e+03
      Potential    Kinetic En.   Total Energy  Conserved En.    Temperature
   -4.25774e+05    7.78206e+04   -3.47954e+05   -3.39920e+05    3.02398e+02
 Pressure (bar)   Constr. rmsd
    2.09607e+02    0.00000e+00

           Step           Time
         435000      870.00000

   Energies (kJ/mol)
           Bond            U-B    Proper Dih.  Improper Dih.      CMAP Dih.
    1.80350e+03    4.68602e+03    5.06439e+03    2.84688e+02   -4.14300e+02
          LJ-14     Coulomb-14        LJ (SR)   Coulomb (SR)   Coul. recip.
    1.49155e+03    1.32039e+04    3.97803e+04   -4.94010e+05    1.48015e+03
      Potential    Kinetic En.   Total Energy  Conserved En.    Temperature
   -4.26630e+05    7.84561e+04   -3.48174e+05   -3.40096e+05    3.04867e+02
 Pressure (bar)   Constr. rmsd
   -3.12134e+01    0.00000e+00

           Step           Time
         436000      872.00000

   Energies (kJ/mol)
           Bond            U-B    Proper Dih.  Improper Dih.      CMAP Dih.
    1.82076e+03    4.50402e+03    5.04155e+03    3.06155e+02   -4.58256e+02
          LJ-14     Coulomb-14        LJ (SR)   Coulomb (SR)   Coul. recip.
    1.50988e+03    1.33593e+04    3.98929e+04   -4.93607e+05    1.48121e+03
      Potential    Kinetic En.   Total Energy  Conserved En.    Temperature
   -4.26150e+05    7.84684e+04   -3.47681e+05   -3.40126e+05    3.04915e+02
 Pressure (bar)   Constr. rmsd
   -2.74042e+01    0.00000e+00

           Step           Time
         437000      874.00000

   Energies (kJ/mol)
           Bond            U-B    Proper Dih.  Improper Dih.      CMAP Dih.
    1.74770e+03    4.60789e+03    5.03175e+03    3.10158e+02   -3.82182e+02
          LJ-14     Coulomb-14        LJ (SR)   Coulomb (SR)   Coul. recip.
    1.53636e+03    1.32367e+04    4.00101e+04   -4.93335e+05    1.53522e+03
      Potential    Kinetic En.   Total Energy  Conserved En.    Temperature
   -4.25701e+05    7.78301e+04   -3.47871e+05   -3.40165e+05    3.02435e+02
 Pressure (bar)   Constr. rmsd
    5.78578e+01    0.00000e+00

           Step           Time
         438000      876.00000

   Energies (kJ/mol)
           Bond            U-B    Proper Dih.  Improper Dih.      CMAP Dih.
    1.77412e+03    4.58583e+03    4.98232e+03    3.04165e+02   -3.98665e+02
          LJ-14     Coulomb-14        LJ (SR)   Coulomb (SR)   Coul. recip.
    1.50659e+03    1.32505e+04    3.99029e+04   -4.93453e+05    1.51196e+03
      Potential    Kinetic En.   Total Energy  Conserved En.    Temperature
   -4.26034e+05    7.77996e+04   -3.48234e+05   -3.40021e+05    3.02316e+02
 Pressure (bar)   Constr. rmsd
    1.03491e+02    0.00000e+00

           Step           Time
         439000      878.00000

   Energies (kJ/mol)
           Bond            U-B    Proper Dih.  Improper Dih.      CMAP Dih.
    1.81418e+03    4.61575e+03    5.08065e+03    3.08497e+02   -4.31172e+02
          LJ-14     Coulomb-14        LJ (SR)   Coulomb (SR)   Coul. recip.
    1.47960e+03    1.32474e+04    3.91661e+04   -4.93100e+05    1.47256e+03
      Potential    Kinetic En.   Total Energy  Conserved En.    Temperature
   -4.26346e+05    7.85425e+04   -3.47803e+05   -3.39911e+05    3.05203e+02
 Pressure (bar)   Constr. rmsd
   -1.59759e+02    0.00000e+00

           Step           Time
         440000      880.00000

   Energies (kJ/mol)
           Bond            U-B    Proper Dih.  Improper Dih.      CMAP Dih.
    1.72768e+03    4.73583e+03    5.09743e+03    3.18779e+02   -3.92986e+02
          LJ-14     Coulomb-14        LJ (SR)   Coulomb (SR)   Coul. recip.
    1.44258e+03    1.34190e+04    3.88777e+04   -4.91942e+05    1.49843e+03
      Potential    Kinetic En.   Total Energy  Conserved En.    Temperature
   -4.25217e+05    7.81028e+04   -3.47114e+05   -3.39919e+05    3.03494e+02
 Pressure (bar)   Constr. rmsd
   -1.56897e+02    0.00000e+00

           Step           Time
         441000      882.00000

   Energies (kJ/mol)
           Bond            U-B    Proper Dih.  Improper Dih.      CMAP Dih.
    1.81421e+03    4.74335e+03    5.06772e+03    3.04902e+02   -3.88722e+02
          LJ-14     Coulomb-14        LJ (SR)   Coulomb (SR)   Coul. recip.
    1.49148e+03    1.34308e+04    3.86382e+04   -4.92458e+05    1.45906e+03
      Potential    Kinetic En.   Total Energy  Conserved En.    Temperature
   -4.25897e+05    7.81095e+04   -3.47788e+05   -3.39948e+05    3.03520e+02
 Pressure (bar)   Constr. rmsd
   -2.60572e+02    0.00000e+00

           Step           Time
         442000      884.00000

   Energies (kJ/mol)
           Bond            U-B    Proper Dih.  Improper Dih.      CMAP Dih.
    1.62361e+03    4.92025e+03    5.02312e+03    3.23554e+02   -4.00217e+02
          LJ-14     Coulomb-14        LJ (SR)   Coulomb (SR)   Coul. recip.
    1.57562e+03    1.32603e+04    3.94580e+04   -4.92603e+05    1.49827e+03
      Potential    Kinetic En.   Total Energy  Conserved En.    Temperature
   -4.25321e+05    7.82241e+04   -3.47096e+05   -3.39993e+05    3.03966e+02
 Pressure (bar)   Constr. rmsd
    2.04977e+02    0.00000e+00

           Step           Time
         443000      886.00000

   Energies (kJ/mol)
           Bond            U-B    Proper Dih.  Improper Dih.      CMAP Dih.
    1.82064e+03    4.63639e+03    5.03194e+03    2.57161e+02   -3.99686e+02
          LJ-14     Coulomb-14        LJ (SR)   Coulomb (SR)   Coul. recip.
    1.50932e+03    1.32912e+04    4.00362e+04   -4.94038e+05    1.45667e+03
      Potential    Kinetic En.   Total Energy  Conserved En.    Temperature
   -4.26398e+05    7.78590e+04   -3.48539e+05   -3.39867e+05    3.02547e+02
 Pressure (bar)   Constr. rmsd
    7.75356e+01    0.00000e+00

           Step           Time
         444000      888.00000

   Energies (kJ/mol)
           Bond            U-B    Proper Dih.  Improper Dih.      CMAP Dih.
    1.88424e+03    4.91483e+03    5.17856e+03    3.23783e+02   -4.03491e+02
          LJ-14     Coulomb-14        LJ (SR)   Coulomb (SR)   Coul. recip.
    1.41755e+03    1.30381e+04    3.95221e+04   -4.93563e+05    1.47870e+03
      Potential    Kinetic En.   Total Energy  Conserved En.    Temperature
   -4.26209e+05    7.89707e+04   -3.47238e+05   -3.39923e+05    3.06867e+02
 Pressure (bar)   Constr. rmsd
   -8.50821e+01    0.00000e+00

           Step           Time
         445000      890.00000

   Energies (kJ/mol)
           Bond            U-B    Proper Dih.  Improper Dih.      CMAP Dih.
    1.78841e+03    4.70806e+03    5.06264e+03    3.10524e+02   -4.30208e+02
          LJ-14     Coulomb-14        LJ (SR)   Coulomb (SR)   Coul. recip.
    1.49273e+03    1.31551e+04    3.86900e+04   -4.91817e+05    1.45823e+03
      Potential    Kinetic En.   Total Energy  Conserved En.    Temperature
   -4.25582e+05    7.82361e+04   -3.47346e+05   -3.40064e+05    3.04012e+02
 Pressure (bar)   Constr. rmsd
   -5.81406e+01    0.00000e+00

           Step           Time
         446000      892.00000

   Energies (kJ/mol)
           Bond            U-B    Proper Dih.  Improper Dih.      CMAP Dih.
    1.67088e+03    4.66935e+03    5.09556e+03    2.74625e+02   -4.22892e+02
          LJ-14     Coulomb-14        LJ (SR)   Coulomb (SR)   Coul. recip.
    1.48038e+03    1.34402e+04    3.94359e+04   -4.92750e+05    1.52366e+03
      Potential    Kinetic En.   Total Energy  Conserved En.    Temperature
   -4.25583e+05    7.72992e+04   -3.48283e+05   -3.39900e+05    3.00372e+02
 Pressure (bar)   Constr. rmsd
    3.73189e+01    0.00000e+00

           Step           Time
         447000      894.00000

   Energies (kJ/mol)
           Bond            U-B    Proper Dih.  Improper Dih.      CMAP Dih.
    1.84799e+03    4.59363e+03    5.05511e+03    3.13929e+02   -4.14959e+02
          LJ-14     Coulomb-14        LJ (SR)   Coulomb (SR)   Coul. recip.
    1.48882e+03    1.33617e+04    3.90637e+04   -4.93229e+05    1.52564e+03
      Potential    Kinetic En.   Total Energy  Conserved En.    Temperature
   -4.26393e+05    7.77466e+04   -3.48647e+05   -3.39918e+05    3.02110e+02
 Pressure (bar)   Constr. rmsd
   -1.98347e+02    0.00000e+00

           Step           Time
         448000      896.00000

   Energies (kJ/mol)
           Bond            U-B    Proper Dih.  Improper Dih.      CMAP Dih.
    1.73833e+03    4.54341e+03    5.11503e+03    3.04975e+02   -4.19998e+02
          LJ-14     Coulomb-14        LJ (SR)   Coulomb (SR)   Coul. recip.
    1.55337e+03    1.33461e+04    4.00687e+04   -4.93952e+05    1.43765e+03
      Potential    Kinetic En.   Total Energy  Conserved En.    Temperature
   -4.26264e+05    7.79059e+04   -3.48359e+05   -3.40107e+05    3.02729e+02
 Pressure (bar)   Constr. rmsd
    2.47113e+02    0.00000e+00

           Step           Time
         449000      898.00000

   Energies (kJ/mol)
           Bond            U-B    Proper Dih.  Improper Dih.      CMAP Dih.
    1.79003e+03    4.77044e+03    5.04172e+03    2.68152e+02   -4.41392e+02
          LJ-14     Coulomb-14        LJ (SR)   Coulomb (SR)   Coul. recip.
    1.52369e+03    1.30784e+04    3.88187e+04   -4.92743e+05    1.48491e+03
      Potential    Kinetic En.   Total Energy  Conserved En.    Temperature
   -4.26409e+05    7.79380e+04   -3.48471e+05   -3.40107e+05    3.02854e+02
 Pressure (bar)   Constr. rmsd
   -2.15384e+02    0.00000e+00

           Step           Time
         450000      900.00000

   Energies (kJ/mol)
           Bond            U-B    Proper Dih.  Improper Dih.      CMAP Dih.
    1.84926e+03    4.68829e+03    5.09381e+03    3.26342e+02   -4.23825e+02
          LJ-14     Coulomb-14        LJ (SR)   Coulomb (SR)   Coul. recip.
    1.35743e+03    1.30440e+04    3.81306e+04   -4.91739e+05    1.49253e+03
      Potential    Kinetic En.   Total Energy  Conserved En.    Temperature
   -4.26181e+05    7.76849e+04   -3.48496e+05   -3.39932e+05    3.01871e+02
 Pressure (bar)   Constr. rmsd
   -4.64487e+02    0.00000e+00

           Step           Time
         451000      902.00000

   Energies (kJ/mol)
           Bond            U-B    Proper Dih.  Improper Dih.      CMAP Dih.
    1.68600e+03    4.58956e+03    5.10835e+03    3.27333e+02   -4.78673e+02
          LJ-14     Coulomb-14        LJ (SR)   Coulomb (SR)   Coul. recip.
    1.51847e+03    1.32285e+04    4.02241e+04   -4.93921e+05    1.50857e+03
      Potential    Kinetic En.   Total Energy  Conserved En.    Temperature
   -4.26209e+05    7.80815e+04   -3.48127e+05   -3.39882e+05    3.03412e+02
 Pressure (bar)   Constr. rmsd
    2.69292e+02    0.00000e+00

           Step           Time
         452000      904.00000

   Energies (kJ/mol)
           Bond            U-B    Proper Dih.  Improper Dih.      CMAP Dih.
    1.66159e+03    4.68990e+03    5.08227e+03    2.90573e+02   -4.28935e+02
          LJ-14     Coulomb-14        LJ (SR)   Coulomb (SR)   Coul. recip.
    1.53905e+03    1.33190e+04    3.90050e+04   -4.93119e+05    1.51404e+03
      Potential    Kinetic En.   Total Energy  Conserved En.    Temperature
   -4.26447e+05    7.79044e+04   -3.48542e+05   -3.39932e+05    3.02724e+02
 Pressure (bar)   Constr. rmsd
    8.95984e+01    0.00000e+00

           Step           Time
         453000      906.00000

   Energies (kJ/mol)
           Bond            U-B    Proper Dih.  Improper Dih.      CMAP Dih.
    1.80376e+03    4.57327e+03    5.08611e+03    3.07844e+02   -4.49109e+02
          LJ-14     Coulomb-14        LJ (SR)   Coulomb (SR)   Coul. recip.
    1.46550e+03    1.32802e+04    3.89862e+04   -4.91644e+05    1.47049e+03
      Potential    Kinetic En.   Total Energy  Conserved En.    Temperature
   -4.25120e+05    7.78604e+04   -3.47259e+05   -3.40158e+05    3.02553e+02
 Pressure (bar)   Constr. rmsd
   -1.24253e+02    0.00000e+00

           Step           Time
         454000      908.00000

   Energies (kJ/mol)
           Bond            U-B    Proper Dih.  Improper Dih.      CMAP Dih.
    1.66706e+03    4.42560e+03    5.08867e+03    3.91132e+02   -4.11959e+02
          LJ-14     Coulomb-14        LJ (SR)   Coulomb (SR)   Coul. recip.
    1.50958e+03    1.32126e+04    4.01970e+04   -4.94078e+05    1.52293e+03
      Potential    Kinetic En.   Total Energy  Conserved En.    Temperature
   -4.26475e+05    7.80724e+04   -3.48403e+05   -3.40181e+05    3.03376e+02
 Pressure (bar)   Constr. rmsd
    1.16938e+02    0.00000e+00

           Step           Time
         455000      910.00000

   Energies (kJ/mol)
           Bond            U-B    Proper Dih.  Improper Dih.      CMAP Dih.
    1.70902e+03    4.72011e+03    5.13998e+03    3.02942e+02   -4.14652e+02
          LJ-14     Coulomb-14        LJ (SR)   Coulomb (SR)   Coul. recip.
    1.56333e+03    1.33609e+04    3.84526e+04   -4.92218e+05    1.51408e+03
      Potential    Kinetic En.   Total Energy  Conserved En.    Temperature
   -4.25870e+05    7.78047e+04   -3.48065e+05   -3.40001e+05    3.02336e+02
 Pressure (bar)   Constr. rmsd
   -6.24333e+01    0.00000e+00

           Step           Time
         456000      912.00000

   Energies (kJ/mol)
           Bond            U-B    Proper Dih.  Improper Dih.      CMAP Dih.
    1.70275e+03    4.77322e+03    5.05758e+03    2.64171e+02   -4.55882e+02
          LJ-14     Coulomb-14        LJ (SR)   Coulomb (SR)   Coul. recip.
    1.49121e+03    1.31105e+04    3.90868e+04   -4.92358e+05    1.48164e+03
      Potential    Kinetic En.   Total Energy  Conserved En.    Temperature
   -4.25846e+05    7.81847e+04   -3.47661e+05   -3.39988e+05    3.03813e+02
 Pressure (bar)   Constr. rmsd
   -1.60151e+01    0.00000e+00

           Step           Time
         457000      914.00000

   Energies (kJ/mol)
           Bond            U-B    Proper Dih.  Improper Dih.      CMAP Dih.
    1.72956e+03    4.60754e+03    5.09468e+03    3.04771e+02   -4.16613e+02
          LJ-14     Coulomb-14        LJ (SR)   Coulomb (SR)   Coul. recip.
    1.53214e+03    1.33208e+04    3.83891e+04   -4.91331e+05    1.40950e+03
      Potential    Kinetic En.   Total Energy  Conserved En.    Temperature
   -4.25360e+05    7.89138e+04   -3.46446e+05   -3.40094e+05    3.06646e+02
 Pressure (bar)   Constr. rmsd
   -1.56643e+02    0.00000e+00

           Step           Time
         458000      916.00000

   Energies (kJ/mol)
           Bond            U-B    Proper Dih.  Improper Dih.      CMAP Dih.
    1.70928e+03    4.84458e+03    5.14676e+03    3.12446e+02   -4.63500e+02
          LJ-14     Coulomb-14        LJ (SR)   Coulomb (SR)   Coul. recip.
    1.53816e+03    1.33283e+04    4.02833e+04   -4.93279e+05    1.50437e+03
      Potential    Kinetic En.   Total Energy  Conserved En.    Temperature
   -4.25075e+05    7.82476e+04   -3.46828e+05   -3.40165e+05    3.04057e+02
 Pressure (bar)   Constr. rmsd
    3.44391e+02    0.00000e+00

           Step           Time
         459000      918.00000

   Energies (kJ/mol)
           Bond            U-B    Proper Dih.  Improper Dih.      CMAP Dih.
    1.69247e+03    4.56167e+03    4.99144e+03    2.61322e+02   -4.43603e+02
          LJ-14     Coulomb-14        LJ (SR)   Coulomb (SR)   Coul. recip.
    1.56528e+03    1.34472e+04    3.94651e+04   -4.93281e+05    1.52303e+03
      Potential    Kinetic En.   Total Energy  Conserved En.    Temperature
   -4.26217e+05    7.71722e+04   -3.49045e+05   -3.40179e+05    2.99878e+02
 Pressure (bar)   Constr. rmsd
    3.71044e+01    0.00000e+00

           Step           Time
         460000      920.00000

   Energies (kJ/mol)
           Bond            U-B    Proper Dih.  Improper Dih.      CMAP Dih.
    1.65503e+03    4.60346e+03    5.09698e+03    3.19045e+02   -3.66622e+02
          LJ-14     Coulomb-14        LJ (SR)   Coulomb (SR)   Coul. recip.
    1.53659e+03    1.31284e+04    3.99429e+04   -4.93462e+05    1.46906e+03
      Potential    Kinetic En.   Total Energy  Conserved En.    Temperature
   -4.26077e+05    7.74149e+04   -3.48662e+05   -3.40200e+05    3.00822e+02
 Pressure (bar)   Constr. rmsd
    1.08418e+02    0.00000e+00

           Step           Time
         461000      922.00000

   Energies (kJ/mol)
           Bond            U-B    Proper Dih.  Improper Dih.      CMAP Dih.
    1.68619e+03    4.84574e+03    5.13360e+03    2.85429e+02   -4.39652e+02
          LJ-14     Coulomb-14        LJ (SR)   Coulomb (SR)   Coul. recip.
    1.52403e+03    1.32361e+04    3.93254e+04   -4.92933e+05    1.52649e+03
      Potential    Kinetic En.   Total Energy  Conserved En.    Temperature
   -4.25809e+05    7.75544e+04   -3.48255e+05   -3.40342e+05    3.01363e+02
 Pressure (bar)   Constr. rmsd
   -2.75014e+01    0.00000e+00

           Step           Time
         462000      924.00000

   Energies (kJ/mol)
           Bond            U-B    Proper Dih.  Improper Dih.      CMAP Dih.
    1.75964e+03    4.52427e+03    5.12004e+03    2.71979e+02   -4.55917e+02
          LJ-14     Coulomb-14        LJ (SR)   Coulomb (SR)   Coul. recip.
    1.57430e+03    1.31606e+04    4.01539e+04   -4.93754e+05    1.51797e+03
      Potential    Kinetic En.   Total Energy  Conserved En.    Temperature
   -4.26128e+05    7.80755e+04   -3.48052e+05   -3.40433e+05    3.03388e+02
 Pressure (bar)   Constr. rmsd
    4.78070e+01    0.00000e+00

           Step           Time
         463000      926.00000

   Energies (kJ/mol)
           Bond            U-B    Proper Dih.  Improper Dih.      CMAP Dih.
    1.73249e+03    4.75646e+03    5.14528e+03    3.13146e+02   -4.87732e+02
          LJ-14     Coulomb-14        LJ (SR)   Coulomb (SR)   Coul. recip.
    1.51054e+03    1.31489e+04    3.89694e+04   -4.91649e+05    1.48119e+03
      Potential    Kinetic En.   Total Energy  Conserved En.    Temperature
   -4.25079e+05    7.80842e+04   -3.46995e+05   -3.40262e+05    3.03422e+02
 Pressure (bar)   Constr. rmsd
   -1.00605e+02    0.00000e+00

           Step           Time
         464000      928.00000

   Energies (kJ/mol)
           Bond            U-B    Proper Dih.  Improper Dih.      CMAP Dih.
    1.67499e+03    4.45811e+03    5.12918e+03    2.99919e+02   -4.87131e+02
          LJ-14     Coulomb-14        LJ (SR)   Coulomb (SR)   Coul. recip.
    1.47342e+03    1.32515e+04    4.03058e+04   -4.93550e+05    1.49187e+03
      Potential    Kinetic En.   Total Energy  Conserved En.    Temperature
   -4.25952e+05    7.78770e+04   -3.48075e+05   -3.40232e+05    3.02617e+02
 Pressure (bar)   Constr. rmsd
    7.16221e+01    0.00000e+00

           Step           Time
         465000      930.00000

   Energies (kJ/mol)
           Bond            U-B    Proper Dih.  Improper Dih.      CMAP Dih.
    1.68447e+03    4.61418e+03    5.04808e+03    3.54789e+02   -4.58139e+02
          LJ-14     Coulomb-14        LJ (SR)   Coulomb (SR)   Coul. recip.
    1.53137e+03    1.33036e+04    3.87866e+04   -4.91411e+05    1.54446e+03
      Potential    Kinetic En.   Total Energy  Conserved En.    Temperature
   -4.25001e+05    7.77355e+04   -3.47266e+05   -3.40255e+05    3.02067e+02
 Pressure (bar)   Constr. rmsd
   -1.55498e+02    0.00000e+00

           Step           Time
         466000      932.00000

   Energies (kJ/mol)
           Bond            U-B    Proper Dih.  Improper Dih.      CMAP Dih.
    1.79254e+03    4.62475e+03    5.08207e+03    2.75398e+02   -4.18533e+02
          LJ-14     Coulomb-14        LJ (SR)   Coulomb (SR)   Coul. recip.
    1.44462e+03    1.31272e+04    3.78650e+04   -4.91113e+05    1.43829e+03
      Potential    Kinetic En.   Total Energy  Conserved En.    Temperature
   -4.25882e+05    7.82486e+04   -3.47633e+05   -3.40023e+05    3.04061e+02
 Pressure (bar)   Constr. rmsd
   -3.53053e+02    0.00000e+00

           Step           Time
         467000      934.00000

   Energies (kJ/mol)
           Bond            U-B    Proper Dih.  Improper Dih.      CMAP Dih.
    1.89689e+03    4.61256e+03    5.10409e+03    2.52782e+02   -4.66806e+02
          LJ-14     Coulomb-14        LJ (SR)   Coulomb (SR)   Coul. recip.
    1.53007e+03    1.30116e+04    3.96278e+04   -4.92989e+05    1.49023e+03
      Potential    Kinetic En.   Total Energy  Conserved En.    Temperature
   -4.25930e+05    7.77447e+04   -3.48185e+05   -3.40179e+05    3.02103e+02
 Pressure (bar)   Constr. rmsd
    1.46643e+02    0.00000e+00

           Step           Time
         468000      936.00000

   Energies (kJ/mol)
           Bond            U-B    Proper Dih.  Improper Dih.      CMAP Dih.
    1.72657e+03    4.54488e+03    5.12084e+03    2.88875e+02   -3.80667e+02
          LJ-14     Coulomb-14        LJ (SR)   Coulomb (SR)   Coul. recip.
    1.45833e+03    1.34160e+04    3.91110e+04   -4.92136e+05    1.50103e+03
      Potential    Kinetic En.   Total Energy  Conserved En.    Temperature
   -4.25349e+05    7.77757e+04   -3.47573e+05   -3.40163e+05    3.02223e+02
 Pressure (bar)   Constr. rmsd
   -3.27915e+01    0.00000e+00

           Step           Time
         469000      938.00000

   Energies (kJ/mol)
           Bond            U-B    Proper Dih.  Improper Dih.      CMAP Dih.
    1.72919e+03    4.71750e+03    5.13092e+03    3.43037e+02   -4.48341e+02
          LJ-14     Coulomb-14        LJ (SR)   Coulomb (SR)   Coul. recip.
    1.51684e+03    1.32282e+04    4.00809e+04   -4.94300e+05    1.48850e+03
      Potential    Kinetic En.   Total Energy  Conserved En.    Temperature
   -4.26513e+05    7.88030e+04   -3.47710e+05   -3.40135e+05    3.06215e+02
 Pressure (bar)   Constr. rmsd
    1.92740e+02    0.00000e+00

           Step           Time
         470000      940.00000

   Energies (kJ/mol)
           Bond            U-B    Proper Dih.  Improper Dih.      CMAP Dih.
    1.87952e+03    4.70622e+03    5.07498e+03    2.65697e+02   -4.25712e+02
          LJ-14     Coulomb-14        LJ (SR)   Coulomb (SR)   Coul. recip.
    1.44013e+03    1.31720e+04    3.92924e+04   -4.93437e+05    1.53647e+03
      Potential    Kinetic En.   Total Energy  Conserved En.    Temperature
   -4.26496e+05    7.84851e+04   -3.48011e+05   -3.40289e+05    3.04980e+02
 Pressure (bar)   Constr. rmsd
   -2.38070e+02    0.00000e+00

           Step           Time
         471000      942.00000

   Energies (kJ/mol)
           Bond            U-B    Proper Dih.  Improper Dih.      CMAP Dih.
    1.74511e+03    4.61578e+03    5.00075e+03    2.97879e+02   -4.34058e+02
          LJ-14     Coulomb-14        LJ (SR)   Coulomb (SR)   Coul. recip.
    1.50910e+03    1.30641e+04    3.99688e+04   -4.93459e+05    1.44648e+03
      Potential    Kinetic En.   Total Energy  Conserved En.    Temperature
   -4.26245e+05    7.81629e+04   -3.48082e+05   -3.40438e+05    3.03728e+02
 Pressure (bar)   Constr. rmsd
    5.96673e+00    0.00000e+00

           Step           Time
         472000      944.00000

   Energies (kJ/mol)
           Bond            U-B    Proper Dih.  Improper Dih.      CMAP Dih.
    1.71330e+03    4.73745e+03    5.05431e+03    3.17029e+02   -4.34548e+02
          LJ-14     Coulomb-14        LJ (SR)   Coulomb (SR)   Coul. recip.
    1.45460e+03    1.31102e+04    3.90281e+04   -4.93007e+05    1.55799e+03
      Potential    Kinetic En.   Total Energy  Conserved En.    Temperature
   -4.26469e+05    7.81700e+04   -3.48299e+05   -3.40330e+05    3.03756e+02
 Pressure (bar)   Constr. rmsd
   -1.80739e+02    0.00000e+00

           Step           Time
         473000      946.00000

   Energies (kJ/mol)
           Bond            U-B    Proper Dih.  Improper Dih.      CMAP Dih.
    1.67750e+03    4.48305e+03    5.14606e+03    3.02964e+02   -4.44908e+02
          LJ-14     Coulomb-14        LJ (SR)   Coulomb (SR)   Coul. recip.
    1.50609e+03    1.33182e+04    3.96035e+04   -4.93640e+05    1.42099e+03
      Potential    Kinetic En.   Total Energy  Conserved En.    Temperature
   -4.26627e+05    7.74366e+04   -3.49190e+05   -3.40325e+05    3.00906e+02
 Pressure (bar)   Constr. rmsd
   -1.55990e+02    0.00000e+00

           Step           Time
         474000      948.00000

   Energies (kJ/mol)
           Bond            U-B    Proper Dih.  Improper Dih.      CMAP Dih.
    1.93225e+03    4.55875e+03    5.08470e+03    2.65728e+02   -4.44655e+02
          LJ-14     Coulomb-14        LJ (SR)   Coulomb (SR)   Coul. recip.
    1.48473e+03    1.34208e+04    4.04533e+04   -4.95064e+05    1.49361e+03
      Potential    Kinetic En.   Total Energy  Conserved En.    Temperature
   -4.26814e+05    7.80605e+04   -3.48754e+05   -3.40318e+05    3.03330e+02
 Pressure (bar)   Constr. rmsd
    1.51745e+02    0.00000e+00

           Step           Time
         475000      950.00000

   Energies (kJ/mol)
           Bond            U-B    Proper Dih.  Improper Dih.      CMAP Dih.
    1.80243e+03    4.50999e+03    5.07858e+03    3.06398e+02   -4.90436e+02
          LJ-14     Coulomb-14        LJ (SR)   Coulomb (SR)   Coul. recip.
    1.53889e+03    1.33552e+04    3.88398e+04   -4.92800e+05    1.52715e+03
      Potential    Kinetic En.   Total Energy  Conserved En.    Temperature
   -4.26332e+05    7.78839e+04   -3.48448e+05   -3.40089e+05    3.02644e+02
 Pressure (bar)   Constr. rmsd
   -1.67127e+02    0.00000e+00

           Step           Time
         476000      952.00000

   Energies (kJ/mol)
           Bond            U-B    Proper Dih.  Improper Dih.      CMAP Dih.
    1.75115e+03    4.69465e+03    5.24364e+03    3.09121e+02   -4.62532e+02
          LJ-14     Coulomb-14        LJ (SR)   Coulomb (SR)   Coul. recip.
    1.52854e+03    1.33610e+04    3.87732e+04   -4.93008e+05    1.44469e+03
      Potential    Kinetic En.   Total Energy  Conserved En.    Temperature
   -4.26364e+05    7.88344e+04   -3.47530e+05   -3.40272e+05    3.06337e+02
 Pressure (bar)   Constr. rmsd
    4.88090e+01    0.00000e+00

           Step           Time
         477000      954.00000

   Energies (kJ/mol)
           Bond            U-B    Proper Dih.  Improper Dih.      CMAP Dih.
    1.75954e+03    4.72042e+03    5.22364e+03    3.13508e+02   -4.61945e+02
          LJ-14     Coulomb-14        LJ (SR)   Coulomb (SR)   Coul. recip.
    1.50927e+03    1.33765e+04    4.00779e+04   -4.93079e+05    1.52267e+03
      Potential    Kinetic En.   Total Energy  Conserved En.    Temperature
   -4.25038e+05    7.82569e+04   -3.46781e+05   -3.40342e+05    3.04093e+02
 Pressure (bar)   Constr. rmsd
    2.23131e+02    0.00000e+00

           Step           Time
         478000      956.00000

   Energies (kJ/mol)
           Bond            U-B    Proper Dih.  Improper Dih.      CMAP Dih.
    1.70609e+03    4.74642e+03    5.09980e+03    2.88653e+02   -4.10648e+02
          LJ-14     Coulomb-14        LJ (SR)   Coulomb (SR)   Coul. recip.
    1.50615e+03    1.30397e+04    3.92781e+04   -4.92581e+05    1.49488e+03
      Potential    Kinetic En.   Total Energy  Conserved En.    Temperature
   -4.25832e+05    7.82810e+04   -3.47551e+05   -3.40315e+05    3.04187e+02
 Pressure (bar)   Constr. rmsd
    7.82315e+01    0.00000e+00

           Step           Time
         479000      958.00000

   Energies (kJ/mol)
           Bond            U-B    Proper Dih.  Improper Dih.      CMAP Dih.
    1.71126e+03    4.57379e+03    5.02666e+03    2.45717e+02   -4.65033e+02
          LJ-14     Coulomb-14        LJ (SR)   Coulomb (SR)   Coul. recip.
    1.56220e+03    1.34951e+04    3.94860e+04   -4.92918e+05    1.48605e+03
      Potential    Kinetic En.   Total Energy  Conserved En.    Temperature
   -4.25796e+05    7.78879e+04   -3.47908e+05   -3.40318e+05    3.02659e+02
 Pressure (bar)   Constr. rmsd
   -7.32127e+01    0.00000e+00

           Step           Time
         480000      960.00000

   Energies (kJ/mol)
           Bond            U-B    Proper Dih.  Improper Dih.      CMAP Dih.
    1.75979e+03    4.58262e+03    5.15133e+03    3.37595e+02   -4.68138e+02
          LJ-14     Coulomb-14        LJ (SR)   Coulomb (SR)   Coul. recip.
    1.51656e+03    1.33995e+04    3.85514e+04   -4.92036e+05    1.45367e+03
      Potential    Kinetic En.   Total Energy  Conserved En.    Temperature
   -4.25751e+05    7.78651e+04   -3.47886e+05   -3.40366e+05    3.02571e+02
 Pressure (bar)   Constr. rmsd
   -1.51235e+02    0.00000e+00

           Step           Time
         481000      962.00000

   Energies (kJ/mol)
           Bond            U-B    Proper Dih.  Improper Dih.      CMAP Dih.
    1.72582e+03    4.69068e+03    5.18023e+03    2.63718e+02   -4.75749e+02
          LJ-14     Coulomb-14        LJ (SR)   Coulomb (SR)   Coul. recip.
    1.52933e+03    1.33555e+04    3.95484e+04   -4.92848e+05    1.53277e+03
      Potential    Kinetic En.   Total Energy  Conserved En.    Temperature
   -4.25497e+05    7.87256e+04   -3.46771e+05   -3.40525e+05    3.05914e+02
 Pressure (bar)   Constr. rmsd
    9.23288e-01    0.00000e+00

           Step           Time
         482000      964.00000

   Energies (kJ/mol)
           Bond            U-B    Proper Dih.  Improper Dih.      CMAP Dih.
    1.70005e+03    4.55787e+03    5.09179e+03    2.96357e+02   -3.77708e+02
          LJ-14     Coulomb-14        LJ (SR)   Coulomb (SR)   Coul. recip.
    1.51890e+03    1.33877e+04    3.92639e+04   -4.92332e+05    1.51664e+03
      Potential    Kinetic En.   Total Energy  Conserved En.    Temperature
   -4.25376e+05    7.84576e+04   -3.46918e+05   -3.40405e+05    3.04873e+02
 Pressure (bar)   Constr. rmsd
   -2.48518e+01    0.00000e+00

           Step           Time
         483000      966.00000

   Energies (kJ/mol)
           Bond            U-B    Proper Dih.  Improper Dih.      CMAP Dih.
    1.80677e+03    4.45519e+03    5.14689e+03    3.03078e+02   -4.38314e+02
          LJ-14     Coulomb-14        LJ (SR)   Coulomb (SR)   Coul. recip.
    1.49213e+03    1.32429e+04    4.01226e+04   -4.93676e+05    1.47367e+03
      Potential    Kinetic En.   Total Energy  Conserved En.    Temperature
   -4.26071e+05    7.83060e+04   -3.47765e+05   -3.40498e+05    3.04284e+02
 Pressure (bar)   Constr. rmsd
    8.98283e+01    0.00000e+00

           Step           Time
         484000      968.00000

   Energies (kJ/mol)
           Bond            U-B    Proper Dih.  Improper Dih.      CMAP Dih.
    1.71742e+03    4.70094e+03    5.07909e+03    3.00672e+02   -4.20065e+02
          LJ-14     Coulomb-14        LJ (SR)   Coulomb (SR)   Coul. recip.
    1.50819e+03    1.29773e+04    3.93266e+04   -4.92175e+05    1.43584e+03
      Potential    Kinetic En.   Total Energy  Conserved En.    Temperature
   -4.25549e+05    7.81137e+04   -3.47435e+05   -3.40409e+05    3.03537e+02
 Pressure (bar)   Constr. rmsd
   -1.84809e+02    0.00000e+00

           Step           Time
         485000      970.00000

   Energies (kJ/mol)
           Bond            U-B    Proper Dih.  Improper Dih.      CMAP Dih.
    1.91706e+03    4.63680e+03    5.09226e+03    2.77013e+02   -4.62730e+02
          LJ-14     Coulomb-14        LJ (SR)   Coulomb (SR)   Coul. recip.
    1.44105e+03    1.31948e+04    3.91257e+04   -4.92250e+05    1.51368e+03
      Potential    Kinetic En.   Total Energy  Conserved En.    Temperature
   -4.25514e+05    7.82098e+04   -3.47305e+05   -3.40415e+05    3.03910e+02
 Pressure (bar)   Constr. rmsd
   -2.66361e+02    0.00000e+00

           Step           Time
         486000      972.00000

   Energies (kJ/mol)
           Bond            U-B    Proper Dih.  Improper Dih.      CMAP Dih.
    1.75306e+03    4.51548e+03    5.06392e+03    2.56674e+02   -3.99439e+02
          LJ-14     Coulomb-14        LJ (SR)   Coulomb (SR)   Coul. recip.
    1.47933e+03    1.31467e+04    3.98166e+04   -4.93385e+05    1.46635e+03
      Potential    Kinetic En.   Total Energy  Conserved En.    Temperature
   -4.26286e+05    7.88318e+04   -3.47454e+05   -3.40510e+05    3.06327e+02
 Pressure (bar)   Constr. rmsd
   -1.01966e+02    0.00000e+00

           Step           Time
         487000      974.00000

   Energies (kJ/mol)
           Bond            U-B    Proper Dih.  Improper Dih.      CMAP Dih.
    1.72594e+03    4.64965e+03    5.04366e+03    3.30542e+02   -3.82387e+02
          LJ-14     Coulomb-14        LJ (SR)   Coulomb (SR)   Coul. recip.
    1.49927e+03    1.32435e+04    3.88039e+04   -4.91731e+05    1.44315e+03
      Potential    Kinetic En.   Total Energy  Conserved En.    Temperature
   -4.25374e+05    7.75108e+04   -3.47863e+05   -3.40473e+05    3.01194e+02
 Pressure (bar)   Constr. rmsd
   -1.14144e+02    0.00000e+00

           Step           Time
         488000      976.00000

   Energies (kJ/mol)
           Bond            U-B    Proper Dih.  Improper Dih.      CMAP Dih.
    1.84054e+03    4.55320e+03    5.19097e+03    3.07163e+02   -4.11401e+02
          LJ-14     Coulomb-14        LJ (SR)   Coulomb (SR)   Coul. recip.
    1.50436e+03    1.30485e+04    4.02967e+04   -4.94426e+05    1.42822e+03
      Potential    Kinetic En.   Total Energy  Conserved En.    Temperature
   -4.26668e+05    7.90259e+04   -3.47642e+05   -3.40531e+05    3.07082e+02
 Pressure (bar)   Constr. rmsd
   -9.04472e+01    0.00000e+00

           Step           Time
         489000      978.00000

   Energies (kJ/mol)
           Bond            U-B    Proper Dih.  Improper Dih.      CMAP Dih.
    1.77330e+03    4.83693e+03    5.09729e+03    3.47030e+02   -3.94487e+02
          LJ-14     Coulomb-14        LJ (SR)   Coulomb (SR)   Coul. recip.
    1.49845e+03    1.32251e+04    4.01075e+04   -4.92733e+05    1.57136e+03
      Potential    Kinetic En.   Total Energy  Conserved En.    Temperature
   -4.24671e+05    7.85695e+04   -3.46101e+05   -3.40784e+05    3.05308e+02
 Pressure (bar)   Constr. rmsd
    6.66141e+01    0.00000e+00

           Step           Time
         490000      980.00000

   Energies (kJ/mol)
           Bond            U-B    Proper Dih.  Improper Dih.      CMAP Dih.
    1.68070e+03    4.67144e+03    5.07231e+03    3.39707e+02   -4.56425e+02
          LJ-14     Coulomb-14        LJ (SR)   Coulomb (SR)   Coul. recip.
    1.51887e+03    1.32467e+04    3.88165e+04   -4.92312e+05    1.47348e+03
      Potential    Kinetic En.   Total Energy  Conserved En.    Temperature
   -4.25949e+05    7.88305e+04   -3.47118e+05   -3.40633e+05    3.06322e+02
 Pressure (bar)   Constr. rmsd
   -9.72364e+01    0.00000e+00

           Step           Time
         491000      982.00000

   Energies (kJ/mol)
           Bond            U-B    Proper Dih.  Improper Dih.      CMAP Dih.
    1.74789e+03    4.58275e+03    5.03706e+03    3.15279e+02   -4.44687e+02
          LJ-14     Coulomb-14        LJ (SR)   Coulomb (SR)   Coul. recip.
    1.47997e+03    1.33421e+04    3.93869e+04   -4.92010e+05    1.48822e+03
      Potential    Kinetic En.   Total Energy  Conserved En.    Temperature
   -4.25075e+05    7.73648e+04   -3.47710e+05   -3.40566e+05    3.00627e+02
 Pressure (bar)   Constr. rmsd
    1.16432e+02    0.00000e+00

           Step           Time
         492000      984.00000

   Energies (kJ/mol)
           Bond            U-B    Proper Dih.  Improper Dih.      CMAP Dih.
    1.74561e+03    4.52961e+03    5.08487e+03    2.70256e+02   -4.58524e+02
          LJ-14     Coulomb-14        LJ (SR)   Coulomb (SR)   Coul. recip.
    1.51260e+03    1.33249e+04    3.94670e+04   -4.92808e+05    1.52535e+03
      Potential    Kinetic En.   Total Energy  Conserved En.    Temperature
   -4.25806e+05    7.76011e+04   -3.48205e+05   -3.40674e+05    3.01545e+02
 Pressure (bar)   Constr. rmsd
   -1.25793e+02    0.00000e+00

           Step           Time
         493000      986.00000

   Energies (kJ/mol)
           Bond            U-B    Proper Dih.  Improper Dih.      CMAP Dih.
    1.73672e+03    4.50284e+03    5.13353e+03    3.03143e+02   -4.54113e+02
          LJ-14     Coulomb-14        LJ (SR)   Coulomb (SR)   Coul. recip.
    1.50406e+03    1.31623e+04    3.93623e+04   -4.92857e+05    1.50194e+03
      Potential    Kinetic En.   Total Energy  Conserved En.    Temperature
   -4.26104e+05    7.86184e+04   -3.47486e+05   -3.40627e+05    3.05498e+02
 Pressure (bar)   Constr. rmsd
   -1.41869e+02    0.00000e+00

           Step           Time
         494000      988.00000

   Energies (kJ/mol)
           Bond            U-B    Proper Dih.  Improper Dih.      CMAP Dih.
    1.74969e+03    4.61798e+03    5.05146e+03    2.85656e+02   -4.17236e+02
          LJ-14     Coulomb-14        LJ (SR)   Coulomb (SR)   Coul. recip.
    1.47044e+03    1.33522e+04    3.86936e+04   -4.91276e+05    1.51599e+03
      Potential    Kinetic En.   Total Energy  Conserved En.    Temperature
   -4.24957e+05    7.81968e+04   -3.46760e+05   -3.40625e+05    3.03860e+02
 Pressure (bar)   Constr. rmsd
   -3.20117e+02    0.00000e+00

           Step           Time
         495000      990.00000

   Energies (kJ/mol)
           Bond            U-B    Proper Dih.  Improper Dih.      CMAP Dih.
    1.77040e+03    4.65877e+03    5.06958e+03    2.88778e+02   -4.46027e+02
          LJ-14     Coulomb-14        LJ (SR)   Coulomb (SR)   Coul. recip.
    1.53727e+03    1.29983e+04    3.96461e+04   -4.92404e+05    1.46850e+03
      Potential    Kinetic En.   Total Energy  Conserved En.    Temperature
   -4.25412e+05    7.83413e+04   -3.47071e+05   -3.40466e+05    3.04421e+02
 Pressure (bar)   Constr. rmsd
    4.32738e+01    0.00000e+00

           Step           Time
         496000      992.00000

   Energies (kJ/mol)
           Bond            U-B    Proper Dih.  Improper Dih.      CMAP Dih.
    1.82495e+03    4.53367e+03    5.08445e+03    2.74796e+02   -4.29204e+02
          LJ-14     Coulomb-14        LJ (SR)   Coulomb (SR)   Coul. recip.
    1.54100e+03    1.32456e+04    3.97842e+04   -4.93955e+05    1.47698e+03
      Potential    Kinetic En.   Total Energy  Conserved En.    Temperature
   -4.26619e+05    7.79913e+04   -3.48627e+05   -3.40487e+05    3.03061e+02
 Pressure (bar)   Constr. rmsd
    4.37931e+01    0.00000e+00

           Step           Time
         497000      994.00000

   Energies (kJ/mol)
           Bond            U-B    Proper Dih.  Improper Dih.      CMAP Dih.
    1.68021e+03    4.68841e+03    5.03635e+03    2.83971e+02   -4.46238e+02
          LJ-14     Coulomb-14        LJ (SR)   Coulomb (SR)   Coul. recip.
    1.54061e+03    1.31896e+04    3.86616e+04   -4.93017e+05    1.45650e+03
      Potential    Kinetic En.   Total Energy  Conserved En.    Temperature
   -4.26926e+05    7.82195e+04   -3.48706e+05   -3.40435e+05    3.03948e+02
 Pressure (bar)   Constr. rmsd
   -1.45939e+02    0.00000e+00

           Step           Time
         498000      996.00000

   Energies (kJ/mol)
           Bond            U-B    Proper Dih.  Improper Dih.      CMAP Dih.
    1.69591e+03    4.52799e+03    5.09469e+03    3.67924e+02   -4.52550e+02
          LJ-14     Coulomb-14        LJ (SR)   Coulomb (SR)   Coul. recip.
    1.42875e+03    1.32921e+04    3.87030e+04   -4.92699e+05    1.54152e+03
      Potential    Kinetic En.   Total Energy  Conserved En.    Temperature
   -4.26499e+05    7.72889e+04   -3.49210e+05   -3.40481e+05    3.00332e+02
 Pressure (bar)   Constr. rmsd
   -2.53455e+02    0.00000e+00

           Step           Time
         499000      998.00000

   Energies (kJ/mol)
           Bond            U-B    Proper Dih.  Improper Dih.      CMAP Dih.
    1.78991e+03    4.84326e+03    5.12233e+03    3.07295e+02   -4.48860e+02
          LJ-14     Coulomb-14        LJ (SR)   Coulomb (SR)   Coul. recip.
    1.49089e+03    1.33256e+04    3.87707e+04   -4.91580e+05    1.47898e+03
      Potential    Kinetic En.   Total Energy  Conserved En.    Temperature
   -4.24900e+05    7.85153e+04   -3.46385e+05   -3.40453e+05    3.05097e+02
 Pressure (bar)   Constr. rmsd
   -1.19396e+02    0.00000e+00

           Step           Time
         500000     1000.00000

Writing checkpoint, step 500000 at Tue Jul 15 19:07:36 2025


   Energies (kJ/mol)
           Bond            U-B    Proper Dih.  Improper Dih.      CMAP Dih.
    1.88167e+03    4.70527e+03    5.09073e+03    2.93525e+02   -4.34889e+02
          LJ-14     Coulomb-14        LJ (SR)   Coulomb (SR)   Coul. recip.
    1.49466e+03    1.31671e+04    3.95497e+04   -4.92154e+05    1.49346e+03
      Potential    Kinetic En.   Total Energy  Conserved En.    Temperature
   -4.24913e+05    7.83016e+04   -3.46612e+05   -3.40544e+05    3.04267e+02
 Pressure (bar)   Constr. rmsd
   -5.56241e+01    0.00000e+00


	M E G A - F L O P S   A C C O U N T I N G

 NB=Group-cutoff nonbonded kernels    NxN=N-by-N cluster Verlet kernels
 RF=Reaction-Field  VdW=Van der Waals  QSTab=quadratic-spline table
 W3=SPC/TIP3p  W4=TIP4p (single or pairs)
 V&F=Potential and force  V=Potential only  F=Force only

 Computing:                               M-Number         M-Flops  % Flops
-----------------------------------------------------------------------------
 Pair Search distance check           17796.062224      160164.560     0.0
 NxN QSTab Elec. + LJ [F]          20422504.221888  1082392723.760    99.7
 NxN QSTab Elec. + LJ [V&F]           20480.628352     1658930.897     0.2
 1,4 nonbonded interactions            2553.005106      229770.460     0.0
 Shift-X                                152.145423         912.873     0.0
 Bonds                                  512.501025       30237.560     0.0
 Propers                               2445.004890      559906.120     0.1
 Impropers                              174.500349       36296.073     0.0
 Virial                                 152.370468        2742.668     0.0
 Stop-CM                                152.145423        1521.454     0.0
 P-Coupling                             152.145423         912.873     0.0
 Calc-Ekin                              304.290846        8215.853     0.0
 CMAP                                    63.500127      107950.216     0.0
 Urey-Bradley                          1773.503547      324551.149     0.0
-----------------------------------------------------------------------------
 Total                                              1085514836.515   100.0
-----------------------------------------------------------------------------


      R E A L   C Y C L E   A N D   T I M E   A C C O U N T I N G

On 1 MPI rank, each using 24 OpenMP threads

 Activity:              Num   Num      Call    Wall time         Giga-Cycles
                        Ranks Threads  Count      (s)         total sum    %
--------------------------------------------------------------------------------
 Neighbor search           1   24       5001      13.793        875.548   2.4
 Launch PP GPU ops.        1   24     995001      20.293       1288.219   3.5
 Force                     1   24     500001      46.389       2944.779   7.9
 PME GPU mesh              1   24     500001      18.044       1145.463   3.1
 Wait GPU NB local         1   24     500001       3.819        242.412   0.7
 Wait GPU state copy       1   24     650003     123.432       7835.442  21.1
 NB X/F buffer ops.        1   24       5001       1.286         81.619   0.2
 Write traj.               1   24      62501     352.822      22397.147  60.3
 Constr. setup             1   24          1       0.000          0.021   0.0
 GPU constr. setup         1   24          1       0.001          0.062   0.0
 Kinetic energy            1   24      10001       1.014         64.391   0.2
 Rest                                              4.330        274.900   0.7
--------------------------------------------------------------------------------
 Total                                           585.224      37150.001 100.0
--------------------------------------------------------------------------------
 Breakdown of PME mesh activities
--------------------------------------------------------------------------------
 Wait PME GPU gather       1   24     500001       0.873         55.391   0.1
 Reduce GPU PME F          1   24     500001       0.552         35.046   0.1
 Launch PME GPU ops.       1   24    4500009      16.015       1016.648   2.7
--------------------------------------------------------------------------------

               Core t (s)   Wall t (s)        (%)
       Time:    14042.788      585.224     2399.6
                 (ns/day)    (hour/ns)
Performance:      147.636        0.163
Finished mdrun on rank 0 Tue Jul 15 19:07:38 2025

